-- MySQL dump 10.13  Distrib 5.7.34, for osx10.12 (x86_64)
--
-- Host: 127.0.0.1    Database: laraclassifier
-- ------------------------------------------------------
-- Server version	5.7.34

/*!40101 SET @OLD_CHARACTER_SET_CLIENT=@@CHARACTER_SET_CLIENT */;
/*!40101 SET @OLD_CHARACTER_SET_RESULTS=@@CHARACTER_SET_RESULTS */;
/*!40101 SET @OLD_COLLATION_CONNECTION=@@COLLATION_CONNECTION */;
/*!40101 SET NAMES utf8 */;
/*!40103 SET @OLD_TIME_ZONE=@@TIME_ZONE */;
/*!40103 SET TIME_ZONE='+00:00' */;
/*!40014 SET @OLD_UNIQUE_CHECKS=@@UNIQUE_CHECKS, UNIQUE_CHECKS=0 */;
/*!40014 SET @OLD_FOREIGN_KEY_CHECKS=@@FOREIGN_KEY_CHECKS, FOREIGN_KEY_CHECKS=0 */;
/*!40101 SET @OLD_SQL_MODE=@@SQL_MODE, SQL_MODE='NO_AUTO_VALUE_ON_ZERO' */;
/*!40111 SET @OLD_SQL_NOTES=@@SQL_NOTES, SQL_NOTES=0 */;

--
-- Dumping data for table `__PREFIX__subadmin1`
--

/*!40000 ALTER TABLE `__PREFIX__subadmin1` DISABLE KEYS */;
INSERT INTO `__PREFIX__subadmin1` (`code`, `country_code`, `name`, `active`) VALUES ('CD.31','CD','{\"en\":\"Tshuapa\"}',1);
INSERT INTO `__PREFIX__subadmin1` (`code`, `country_code`, `name`, `active`) VALUES ('CD.30','CD','{\"en\":\"Tshopo\"}',1);
INSERT INTO `__PREFIX__subadmin1` (`code`, `country_code`, `name`, `active`) VALUES ('CD.29','CD','{\"en\":\"Tanganyika\"}',1);
INSERT INTO `__PREFIX__subadmin1` (`code`, `country_code`, `name`, `active`) VALUES ('CD.12','CD','{\"en\":\"South Kivu\"}',1);
INSERT INTO `__PREFIX__subadmin1` (`code`, `country_code`, `name`, `active`) VALUES ('CD.27','CD','{\"en\":\"Sankuru\"}',1);
INSERT INTO `__PREFIX__subadmin1` (`code`, `country_code`, `name`, `active`) VALUES ('CD.11','CD','{\"en\":\"Nord Kivu\"}',1);
INSERT INTO `__PREFIX__subadmin1` (`code`, `country_code`, `name`, `active`) VALUES ('CD.25','CD','{\"en\":\"Mongala\"}',1);
INSERT INTO `__PREFIX__subadmin1` (`code`, `country_code`, `name`, `active`) VALUES ('CD.10','CD','{\"en\":\"Maniema\"}',1);
INSERT INTO `__PREFIX__subadmin1` (`code`, `country_code`, `name`, `active`) VALUES ('CD.23','CD','{\"en\":\"Kasai-Central\"}',1);
INSERT INTO `__PREFIX__subadmin1` (`code`, `country_code`, `name`, `active`) VALUES ('CD.04','CD','{\"en\":\"Kasaï-Oriental\"}',1);
INSERT INTO `__PREFIX__subadmin1` (`code`, `country_code`, `name`, `active`) VALUES ('CD.18','CD','{\"en\":\"Kasai\"}',1);
INSERT INTO `__PREFIX__subadmin1` (`code`, `country_code`, `name`, `active`) VALUES ('CD.17','CD','{\"en\":\"Ituri\"}',1);
INSERT INTO `__PREFIX__subadmin1` (`code`, `country_code`, `name`, `active`) VALUES ('CD.16','CD','{\"en\":\"Haut-Uele\"}',1);
INSERT INTO `__PREFIX__subadmin1` (`code`, `country_code`, `name`, `active`) VALUES ('CD.15','CD','{\"en\":\"Haut-Lomami\"}',1);
INSERT INTO `__PREFIX__subadmin1` (`code`, `country_code`, `name`, `active`) VALUES ('CD.02','CD','{\"en\":\"Équateur\"}',1);
INSERT INTO `__PREFIX__subadmin1` (`code`, `country_code`, `name`, `active`) VALUES ('CD.13','CD','{\"en\":\"Bas-Uele\"}',1);
INSERT INTO `__PREFIX__subadmin1` (`code`, `country_code`, `name`, `active`) VALUES ('CD.22','CD','{\"en\":\"Lualaba\"}',1);
INSERT INTO `__PREFIX__subadmin1` (`code`, `country_code`, `name`, `active`) VALUES ('CD.24','CD','{\"en\":\"Mai-Ndombe\"}',1);
INSERT INTO `__PREFIX__subadmin1` (`code`, `country_code`, `name`, `active`) VALUES ('CD.20','CD','{\"en\":\"Kwilu\"}',1);
INSERT INTO `__PREFIX__subadmin1` (`code`, `country_code`, `name`, `active`) VALUES ('CD.19','CD','{\"en\":\"Kwango\"}',1);
INSERT INTO `__PREFIX__subadmin1` (`code`, `country_code`, `name`, `active`) VALUES ('CD.06','CD','{\"en\":\"Kinshasa\"}',1);
INSERT INTO `__PREFIX__subadmin1` (`code`, `country_code`, `name`, `active`) VALUES ('CD.08','CD','{\"en\":\"Bas-Congo\"}',1);
INSERT INTO `__PREFIX__subadmin1` (`code`, `country_code`, `name`, `active`) VALUES ('CD.14','CD','{\"en\":\"Haut-Katanga\"}',1);
INSERT INTO `__PREFIX__subadmin1` (`code`, `country_code`, `name`, `active`) VALUES ('CD.21','CD','{\"en\":\"Lomami\"}',1);
INSERT INTO `__PREFIX__subadmin1` (`code`, `country_code`, `name`, `active`) VALUES ('CD.26','CD','{\"en\":\"Nord-Ubangi\"}',1);
INSERT INTO `__PREFIX__subadmin1` (`code`, `country_code`, `name`, `active`) VALUES ('CD.28','CD','{\"en\":\"Sud-Ubangi\"}',1);
/*!40000 ALTER TABLE `__PREFIX__subadmin1` ENABLE KEYS */;

--
-- Dumping data for table `__PREFIX__subadmin2`
--

/*!40000 ALTER TABLE `__PREFIX__subadmin2` DISABLE KEYS */;
INSERT INTO `__PREFIX__subadmin2` (`code`, `country_code`, `subadmin1_code`, `name`, `active`) VALUES ('CD.04.01','CD','CD.04','{\"en\":\"Mbuji-Mayi City\"}',1);
INSERT INTO `__PREFIX__subadmin2` (`code`, `country_code`, `subadmin1_code`, `name`, `active`) VALUES ('CD.11.05','CD','CD.11','{\"en\":\"Lubero\"}',1);
INSERT INTO `__PREFIX__subadmin2` (`code`, `country_code`, `subadmin1_code`, `name`, `active`) VALUES ('CD.30.01','CD','CD.30','{\"en\":\"Ville de Kisangani\"}',1);
INSERT INTO `__PREFIX__subadmin2` (`code`, `country_code`, `subadmin1_code`, `name`, `active`) VALUES ('CD.21.02','CD','CD.21','{\"en\":\"Kabinda\"}',1);
INSERT INTO `__PREFIX__subadmin2` (`code`, `country_code`, `subadmin1_code`, `name`, `active`) VALUES ('CD.11.01','CD','CD.11','{\"en\":\"Goma\"}',1);
INSERT INTO `__PREFIX__subadmin2` (`code`, `country_code`, `subadmin1_code`, `name`, `active`) VALUES ('CD.11.09','CD','CD.11','{\"en\":\"Beni\"}',1);
INSERT INTO `__PREFIX__subadmin2` (`code`, `country_code`, `subadmin1_code`, `name`, `active`) VALUES ('CD.13.07','CD','CD.13','{\"en\":\"Ango\"}',1);
INSERT INTO `__PREFIX__subadmin2` (`code`, `country_code`, `subadmin1_code`, `name`, `active`) VALUES ('CD.28.06','CD','CD.28','{\"en\":\"Ville de Zongo\"}',1);
INSERT INTO `__PREFIX__subadmin2` (`code`, `country_code`, `subadmin1_code`, `name`, `active`) VALUES ('CD.20.02','CD','CD.20','{\"en\":\"Bagata\"}',1);
INSERT INTO `__PREFIX__subadmin2` (`code`, `country_code`, `subadmin1_code`, `name`, `active`) VALUES ('CD.08.02','CD','CD.08','{\"en\":\"Boma (city)\"}',1);
INSERT INTO `__PREFIX__subadmin2` (`code`, `country_code`, `subadmin1_code`, `name`, `active`) VALUES ('CD.22.01','CD','CD.22','{\"en\":\"Kolwezi\"}',1);
INSERT INTO `__PREFIX__subadmin2` (`code`, `country_code`, `subadmin1_code`, `name`, `active`) VALUES ('CD.06.22','CD','CD.06','{\"en\":\"Kinshasa rural\"}',1);
INSERT INTO `__PREFIX__subadmin2` (`code`, `country_code`, `subadmin1_code`, `name`, `active`) VALUES ('CD.06.21','CD','CD.06','{\"en\":\"Kinshasa Urban\"}',1);
INSERT INTO `__PREFIX__subadmin2` (`code`, `country_code`, `subadmin1_code`, `name`, `active`) VALUES ('CD.11.02','CD','CD.11','{\"en\":\"Nyirangongo\"}',1);
INSERT INTO `__PREFIX__subadmin2` (`code`, `country_code`, `subadmin1_code`, `name`, `active`) VALUES ('CD.11.10','CD','CD.11','{\"en\":\"Butembo\"}',1);
INSERT INTO `__PREFIX__subadmin2` (`code`, `country_code`, `subadmin1_code`, `name`, `active`) VALUES ('CD.11.07','CD','CD.11','{\"en\":\"Oicha\"}',1);
INSERT INTO `__PREFIX__subadmin2` (`code`, `country_code`, `subadmin1_code`, `name`, `active`) VALUES ('CD.23.01','CD','CD.23','{\"en\":\"Kananga City\"}',1);
INSERT INTO `__PREFIX__subadmin2` (`code`, `country_code`, `subadmin1_code`, `name`, `active`) VALUES ('CD.18.01','CD','CD.18','{\"en\":\"Tshikapa City\"}',1);
INSERT INTO `__PREFIX__subadmin2` (`code`, `country_code`, `subadmin1_code`, `name`, `active`) VALUES ('CD.14.01','CD','CD.14','{\"en\":\"Lubumbashi (city)\"}',1);
INSERT INTO `__PREFIX__subadmin2` (`code`, `country_code`, `subadmin1_code`, `name`, `active`) VALUES ('CD.06.9166122','CD','CD.06','{\"en\":\"Lukunga District\"}',1);
INSERT INTO `__PREFIX__subadmin2` (`code`, `country_code`, `subadmin1_code`, `name`, `active`) VALUES ('CD.06.9166123','CD','CD.06','{\"en\":\"Tshangu District\"}',1);
INSERT INTO `__PREFIX__subadmin2` (`code`, `country_code`, `subadmin1_code`, `name`, `active`) VALUES ('CD.29.02','CD','CD.29','{\"en\":\"Kalemie Ville\"}',1);
INSERT INTO `__PREFIX__subadmin2` (`code`, `country_code`, `subadmin1_code`, `name`, `active`) VALUES ('CD.14.02','CD','CD.14','{\"en\":\"Kipushi Ville\"}',1);
INSERT INTO `__PREFIX__subadmin2` (`code`, `country_code`, `subadmin1_code`, `name`, `active`) VALUES ('CD.29.09','CD','CD.29','{\"en\":\"Kongolo Ville\"}',1);
INSERT INTO `__PREFIX__subadmin2` (`code`, `country_code`, `subadmin1_code`, `name`, `active`) VALUES ('CD.14.05','CD','CD.14','{\"en\":\"Kambove Ville\"}',1);
INSERT INTO `__PREFIX__subadmin2` (`code`, `country_code`, `subadmin1_code`, `name`, `active`) VALUES ('CD.14.06','CD','CD.14','{\"en\":\"Likasi\"}',1);
INSERT INTO `__PREFIX__subadmin2` (`code`, `country_code`, `subadmin1_code`, `name`, `active`) VALUES ('CD.12.01','CD','CD.12','{\"en\":\"Bukavu\"}',1);
INSERT INTO `__PREFIX__subadmin2` (`code`, `country_code`, `subadmin1_code`, `name`, `active`) VALUES ('CD.12.05','CD','CD.12','{\"en\":\"Kalehe\"}',1);
INSERT INTO `__PREFIX__subadmin2` (`code`, `country_code`, `subadmin1_code`, `name`, `active`) VALUES ('CD.12.12','CD','CD.12','{\"en\":\"Mwenga\"}',1);
INSERT INTO `__PREFIX__subadmin2` (`code`, `country_code`, `subadmin1_code`, `name`, `active`) VALUES ('CD.12.10','CD','CD.12','{\"en\":\"Fizi\"}',1);
INSERT INTO `__PREFIX__subadmin2` (`code`, `country_code`, `subadmin1_code`, `name`, `active`) VALUES ('CD.12.02','CD','CD.12','{\"en\":\"Kabare\"}',1);
INSERT INTO `__PREFIX__subadmin2` (`code`, `country_code`, `subadmin1_code`, `name`, `active`) VALUES ('CD.11.03','CD','CD.11','{\"en\":\"Masisi Territory\"}',1);
INSERT INTO `__PREFIX__subadmin2` (`code`, `country_code`, `subadmin1_code`, `name`, `active`) VALUES ('CD.11.11','CD','CD.11','{\"en\":\"Rutshuru Territory\"}',1);
INSERT INTO `__PREFIX__subadmin2` (`code`, `country_code`, `subadmin1_code`, `name`, `active`) VALUES ('CD.22.04','CD','CD.22','{\"en\":\"Kasaji\"}',1);
INSERT INTO `__PREFIX__subadmin2` (`code`, `country_code`, `subadmin1_code`, `name`, `active`) VALUES ('CD.29.06','CD','CD.29','{\"en\":\"Manono\"}',1);
INSERT INTO `__PREFIX__subadmin2` (`code`, `country_code`, `subadmin1_code`, `name`, `active`) VALUES ('CD.06.10400552','CD','CD.06','{\"en\":\"Funa\"}',1);
INSERT INTO `__PREFIX__subadmin2` (`code`, `country_code`, `subadmin1_code`, `name`, `active`) VALUES ('CD.06.10861174','CD','CD.06','{\"en\":\"Mont Amba District\"}',1);
INSERT INTO `__PREFIX__subadmin2` (`code`, `country_code`, `subadmin1_code`, `name`, `active`) VALUES ('CD.16.03','CD','CD.16','{\"en\":\"Niangara\"}',1);
INSERT INTO `__PREFIX__subadmin2` (`code`, `country_code`, `subadmin1_code`, `name`, `active`) VALUES ('CD.15.05','CD','CD.15','{\"en\":\"Malemba-Nkulu\"}',1);
INSERT INTO `__PREFIX__subadmin2` (`code`, `country_code`, `subadmin1_code`, `name`, `active`) VALUES ('CD.02.07','CD','CD.02','{\"en\":\"Basankusu\"}',1);
INSERT INTO `__PREFIX__subadmin2` (`code`, `country_code`, `subadmin1_code`, `name`, `active`) VALUES ('CD.19.02','CD','CD.19','{\"en\":\"Kenge\"}',1);
INSERT INTO `__PREFIX__subadmin2` (`code`, `country_code`, `subadmin1_code`, `name`, `active`) VALUES ('CD.26.05','CD','CD.26','{\"en\":\"Businga\"}',1);
INSERT INTO `__PREFIX__subadmin2` (`code`, `country_code`, `subadmin1_code`, `name`, `active`) VALUES ('CD.27.06','CD','CD.27','{\"en\":\"Kole\"}',1);
INSERT INTO `__PREFIX__subadmin2` (`code`, `country_code`, `subadmin1_code`, `name`, `active`) VALUES ('CD.08.13','CD','CD.08','{\"en\":\"Mbanza-Ngungu\"}',1);
INSERT INTO `__PREFIX__subadmin2` (`code`, `country_code`, `subadmin1_code`, `name`, `active`) VALUES ('CD.19.08','CD','CD.19','{\"en\":\"Popokabaka\"}',1);
INSERT INTO `__PREFIX__subadmin2` (`code`, `country_code`, `subadmin1_code`, `name`, `active`) VALUES ('CD.10.03','CD','CD.10','{\"en\":\"Punia\"}',1);
INSERT INTO `__PREFIX__subadmin2` (`code`, `country_code`, `subadmin1_code`, `name`, `active`) VALUES ('CD.12.03','CD','CD.12','{\"en\":\"Shabunda\"}',1);
INSERT INTO `__PREFIX__subadmin2` (`code`, `country_code`, `subadmin1_code`, `name`, `active`) VALUES ('CD.17.10','CD','CD.17','{\"en\":\"Ariwara\"}',1);
INSERT INTO `__PREFIX__subadmin2` (`code`, `country_code`, `subadmin1_code`, `name`, `active`) VALUES ('CD.17.03','CD','CD.17','{\"en\":\"Mambasa\"}',1);
INSERT INTO `__PREFIX__subadmin2` (`code`, `country_code`, `subadmin1_code`, `name`, `active`) VALUES ('CD.02.09','CD','CD.02','{\"en\":\"Ingende\"}',1);
INSERT INTO `__PREFIX__subadmin2` (`code`, `country_code`, `subadmin1_code`, `name`, `active`) VALUES ('CD.08.11','CD','CD.08','{\"en\":\"Songololo\"}',1);
INSERT INTO `__PREFIX__subadmin2` (`code`, `country_code`, `subadmin1_code`, `name`, `active`) VALUES ('CD.30.07','CD','CD.30','{\"en\":\"Yahuma\"}',1);
INSERT INTO `__PREFIX__subadmin2` (`code`, `country_code`, `subadmin1_code`, `name`, `active`) VALUES ('CD.08.12','CD','CD.08','{\"en\":\"Bangu\"}',1);
INSERT INTO `__PREFIX__subadmin2` (`code`, `country_code`, `subadmin1_code`, `name`, `active`) VALUES ('CD.30.11','CD','CD.30','{\"en\":\"Bafwasende\"}',1);
INSERT INTO `__PREFIX__subadmin2` (`code`, `country_code`, `subadmin1_code`, `name`, `active`) VALUES ('CD.13.09','CD','CD.13','{\"en\":\"Bambesa\"}',1);
INSERT INTO `__PREFIX__subadmin2` (`code`, `country_code`, `subadmin1_code`, `name`, `active`) VALUES ('CD.30.10','CD','CD.30','{\"en\":\"Banalia\"}',1);
INSERT INTO `__PREFIX__subadmin2` (`code`, `country_code`, `subadmin1_code`, `name`, `active`) VALUES ('CD.31.02','CD','CD.31','{\"en\":\"Boende\"}',1);
INSERT INTO `__PREFIX__subadmin2` (`code`, `country_code`, `subadmin1_code`, `name`, `active`) VALUES ('CD.31.06','CD','CD.31','{\"en\":\"Bokungu\"}',1);
INSERT INTO `__PREFIX__subadmin2` (`code`, `country_code`, `subadmin1_code`, `name`, `active`) VALUES ('CD.18.08','CD','CD.18','{\"en\":\"Dekese\"}',1);
INSERT INTO `__PREFIX__subadmin2` (`code`, `country_code`, `subadmin1_code`, `name`, `active`) VALUES ('CD.23.06','CD','CD.23','{\"en\":\"Demba\"}',1);
INSERT INTO `__PREFIX__subadmin2` (`code`, `country_code`, `subadmin1_code`, `name`, `active`) VALUES ('CD.23.02','CD','CD.23','{\"en\":\"Dibaya\"}',1);
INSERT INTO `__PREFIX__subadmin2` (`code`, `country_code`, `subadmin1_code`, `name`, `active`) VALUES ('CD.20.09','CD','CD.20','{\"en\":\"Dibaya-Lubwe\"}',1);
INSERT INTO `__PREFIX__subadmin2` (`code`, `country_code`, `subadmin1_code`, `name`, `active`) VALUES ('CD.02.08','CD','CD.02','{\"en\":\"Bolomba\"}',1);
INSERT INTO `__PREFIX__subadmin2` (`code`, `country_code`, `subadmin1_code`, `name`, `active`) VALUES ('CD.02.04','CD','CD.02','{\"en\":\"Bomongo\"}',1);
INSERT INTO `__PREFIX__subadmin2` (`code`, `country_code`, `subadmin1_code`, `name`, `active`) VALUES ('CD.13.06','CD','CD.13','{\"en\":\"Bondo\"}',1);
INSERT INTO `__PREFIX__subadmin2` (`code`, `country_code`, `subadmin1_code`, `name`, `active`) VALUES ('CD.25.05','CD','CD.25','{\"en\":\"Bongandanga\"}',1);
INSERT INTO `__PREFIX__subadmin2` (`code`, `country_code`, `subadmin1_code`, `name`, `active`) VALUES ('CD.26.06','CD','CD.26','{\"en\":\"Bosobolo\"}',1);
INSERT INTO `__PREFIX__subadmin2` (`code`, `country_code`, `subadmin1_code`, `name`, `active`) VALUES ('CD.28.03','CD','CD.28','{\"en\":\"Budjala\"}',1);
INSERT INTO `__PREFIX__subadmin2` (`code`, `country_code`, `subadmin1_code`, `name`, `active`) VALUES ('CD.15.06','CD','CD.15','{\"en\":\"Bukama\"}',1);
INSERT INTO `__PREFIX__subadmin2` (`code`, `country_code`, `subadmin1_code`, `name`, `active`) VALUES ('CD.20.04','CD','CD.20','{\"en\":\"Bulungu\"}',1);
INSERT INTO `__PREFIX__subadmin2` (`code`, `country_code`, `subadmin1_code`, `name`, `active`) VALUES ('CD.25.04','CD','CD.25','{\"en\":\"Bumba\"}',1);
INSERT INTO `__PREFIX__subadmin2` (`code`, `country_code`, `subadmin1_code`, `name`, `active`) VALUES ('CD.28.02','CD','CD.28','{\"en\":\"Gemena\"}',1);
INSERT INTO `__PREFIX__subadmin2` (`code`, `country_code`, `subadmin1_code`, `name`, `active`) VALUES ('CD.20.10','CD','CD.20','{\"en\":\"Gungu\"}',1);
INSERT INTO `__PREFIX__subadmin2` (`code`, `country_code`, `subadmin1_code`, `name`, `active`) VALUES ('CD.20.06','CD','CD.20','{\"en\":\"Idiofa\"}',1);
INSERT INTO `__PREFIX__subadmin2` (`code`, `country_code`, `subadmin1_code`, `name`, `active`) VALUES ('CD.21.04','CD','CD.21','{\"en\":\"Luilu\"}',1);
INSERT INTO `__PREFIX__subadmin2` (`code`, `country_code`, `subadmin1_code`, `name`, `active`) VALUES ('CD.23.04','CD','CD.23','{\"en\":\"Luiza\"}',1);
INSERT INTO `__PREFIX__subadmin2` (`code`, `country_code`, `subadmin1_code`, `name`, `active`) VALUES ('CD.31.05','CD','CD.31','{\"en\":\"Ikela\"}',1);
INSERT INTO `__PREFIX__subadmin2` (`code`, `country_code`, `subadmin1_code`, `name`, `active`) VALUES ('CD.18.05','CD','CD.18','{\"en\":\"Ilebo\"}',1);
INSERT INTO `__PREFIX__subadmin2` (`code`, `country_code`, `subadmin1_code`, `name`, `active`) VALUES ('CD.17.11','CD','CD.17','{\"en\":\"Ingbokolo\"}',1);
INSERT INTO `__PREFIX__subadmin2` (`code`, `country_code`, `subadmin1_code`, `name`, `active`) VALUES ('CD.16.01','CD','CD.16','{\"en\":\"Isiro\"}',1);
INSERT INTO `__PREFIX__subadmin2` (`code`, `country_code`, `subadmin1_code`, `name`, `active`) VALUES ('CD.29.07','CD','CD.29','{\"en\":\"Kabalo\"}',1);
INSERT INTO `__PREFIX__subadmin2` (`code`, `country_code`, `subadmin1_code`, `name`, `active`) VALUES ('CD.10.09','CD','CD.10','{\"en\":\"Kabambare\"}',1);
INSERT INTO `__PREFIX__subadmin2` (`code`, `country_code`, `subadmin1_code`, `name`, `active`) VALUES ('CD.04.07','CD','CD.04','{\"en\":\"Kabeya-Kamwanga\"}',1);
INSERT INTO `__PREFIX__subadmin2` (`code`, `country_code`, `subadmin1_code`, `name`, `active`) VALUES ('CD.15.02','CD','CD.15','{\"en\":\"Kamina\"}',1);
INSERT INTO `__PREFIX__subadmin2` (`code`, `country_code`, `subadmin1_code`, `name`, `active`) VALUES ('CD.12.13','CD','CD.12','{\"en\":\"Kamituga\"}',1);
INSERT INTO `__PREFIX__subadmin2` (`code`, `country_code`, `subadmin1_code`, `name`, `active`) VALUES ('CD.18.02','CD','CD.18','{\"en\":\"Kamonia\"}',1);
INSERT INTO `__PREFIX__subadmin2` (`code`, `country_code`, `subadmin1_code`, `name`, `active`) VALUES ('CD.15.03','CD','CD.15','{\"en\":\"Kaniama\"}',1);
INSERT INTO `__PREFIX__subadmin2` (`code`, `country_code`, `subadmin1_code`, `name`, `active`) VALUES ('CD.29.03','CD','CD.29','{\"en\":\"Kaoze\"}',1);
INSERT INTO `__PREFIX__subadmin2` (`code`, `country_code`, `subadmin1_code`, `name`, `active`) VALUES ('CD.22.07','CD','CD.22','{\"en\":\"Kapanga\"}',1);
INSERT INTO `__PREFIX__subadmin2` (`code`, `country_code`, `subadmin1_code`, `name`, `active`) VALUES ('CD.08.15','CD','CD.08','{\"en\":\"Kasangulu\"}',1);
INSERT INTO `__PREFIX__subadmin2` (`code`, `country_code`, `subadmin1_code`, `name`, `active`) VALUES ('CD.14.07','CD','CD.14','{\"en\":\"Kasenga\"}',1);
INSERT INTO `__PREFIX__subadmin2` (`code`, `country_code`, `subadmin1_code`, `name`, `active`) VALUES ('CD.10.11','CD','CD.10','{\"en\":\"Kasongo\"}',1);
INSERT INTO `__PREFIX__subadmin2` (`code`, `country_code`, `subadmin1_code`, `name`, `active`) VALUES ('CD.19.07','CD','CD.19','{\"en\":\"Kasongo-Lunda\"}',1);
INSERT INTO `__PREFIX__subadmin2` (`code`, `country_code`, `subadmin1_code`, `name`, `active`) VALUES ('CD.27.08','CD','CD.27','{\"en\":\"Katako-Kombe\"}',1);
INSERT INTO `__PREFIX__subadmin2` (`code`, `country_code`, `subadmin1_code`, `name`, `active`) VALUES ('CD.04.09','CD','CD.04','{\"en\":\"Katanda\"}',1);
INSERT INTO `__PREFIX__subadmin2` (`code`, `country_code`, `subadmin1_code`, `name`, `active`) VALUES ('CD.23.05','CD','CD.23','{\"en\":\"Kazumba\"}',1);
INSERT INTO `__PREFIX__subadmin2` (`code`, `country_code`, `subadmin1_code`, `name`, `active`) VALUES ('CD.10.13','CD','CD.10','{\"en\":\"Kibombo\"}',1);
INSERT INTO `__PREFIX__subadmin2` (`code`, `country_code`, `subadmin1_code`, `name`, `active`) VALUES ('CD.11.04','CD','CD.11','{\"en\":\"Walikale\"}',1);
INSERT INTO `__PREFIX__subadmin2` (`code`, `country_code`, `subadmin1_code`, `name`, `active`) VALUES ('CD.12.07','CD','CD.12','{\"en\":\"Walungu\"}',1);
INSERT INTO `__PREFIX__subadmin2` (`code`, `country_code`, `subadmin1_code`, `name`, `active`) VALUES ('CD.16.11','CD','CD.16','{\"en\":\"Wamba\"}',1);
INSERT INTO `__PREFIX__subadmin2` (`code`, `country_code`, `subadmin1_code`, `name`, `active`) VALUES ('CD.26.04','CD','CD.26','{\"en\":\"Yakoma\"}',1);
INSERT INTO `__PREFIX__subadmin2` (`code`, `country_code`, `subadmin1_code`, `name`, `active`) VALUES ('CD.30.06','CD','CD.30','{\"en\":\"Yangambi\"}',1);
INSERT INTO `__PREFIX__subadmin2` (`code`, `country_code`, `subadmin1_code`, `name`, `active`) VALUES ('CD.21.06','CD','CD.21','{\"en\":\"Ngandajika\"}',1);
INSERT INTO `__PREFIX__subadmin2` (`code`, `country_code`, `subadmin1_code`, `name`, `active`) VALUES ('CD.06.00','CD','CD.06','{\"en\":\"Kinshasa\"}',1);
INSERT INTO `__PREFIX__subadmin2` (`code`, `country_code`, `subadmin1_code`, `name`, `active`) VALUES ('CD.30.09','CD','CD.30','{\"en\":\"Basoko\"}',1);
INSERT INTO `__PREFIX__subadmin2` (`code`, `country_code`, `subadmin1_code`, `name`, `active`) VALUES ('CD.31.03','CD','CD.31','{\"en\":\"Befale\"}',1);
INSERT INTO `__PREFIX__subadmin2` (`code`, `country_code`, `subadmin1_code`, `name`, `active`) VALUES ('CD.27.05','CD','CD.27','{\"en\":\"Bena-Dibele\"}',1);
INSERT INTO `__PREFIX__subadmin2` (`code`, `country_code`, `subadmin1_code`, `name`, `active`) VALUES ('CD.13.10','CD','CD.13','{\"en\":\"Dingila\"}',1);
INSERT INTO `__PREFIX__subadmin2` (`code`, `country_code`, `subadmin1_code`, `name`, `active`) VALUES ('CD.31.04','CD','CD.31','{\"en\":\"Djolu\"}',1);
INSERT INTO `__PREFIX__subadmin2` (`code`, `country_code`, `subadmin1_code`, `name`, `active`) VALUES ('CD.17.05','CD','CD.17','{\"en\":\"Djugu\"}',1);
INSERT INTO `__PREFIX__subadmin2` (`code`, `country_code`, `subadmin1_code`, `name`, `active`) VALUES ('CD.16.05','CD','CD.16','{\"en\":\"Dungu\"}',1);
INSERT INTO `__PREFIX__subadmin2` (`code`, `country_code`, `subadmin1_code`, `name`, `active`) VALUES ('CD.16.07','CD','CD.16','{\"en\":\"Faradje\"}',1);
INSERT INTO `__PREFIX__subadmin2` (`code`, `country_code`, `subadmin1_code`, `name`, `active`) VALUES ('CD.19.03','CD','CD.19','{\"en\":\"Feshi\"}',1);
INSERT INTO `__PREFIX__subadmin2` (`code`, `country_code`, `subadmin1_code`, `name`, `active`) VALUES ('CD.10.07','CD','CD.10','{\"en\":\"Pangi\"}',1);
INSERT INTO `__PREFIX__subadmin2` (`code`, `country_code`, `subadmin1_code`, `name`, `active`) VALUES ('CD.13.08','CD','CD.13','{\"en\":\"Poko\"}',1);
INSERT INTO `__PREFIX__subadmin2` (`code`, `country_code`, `subadmin1_code`, `name`, `active`) VALUES ('CD.28.04','CD','CD.28','{\"en\":\"Kungu\"}',1);
INSERT INTO `__PREFIX__subadmin2` (`code`, `country_code`, `subadmin1_code`, `name`, `active`) VALUES ('CD.24.06','CD','CD.24','{\"en\":\"Kutu\"}',1);
INSERT INTO `__PREFIX__subadmin2` (`code`, `country_code`, `subadmin1_code`, `name`, `active`) VALUES ('CD.24.07','CD','CD.24','{\"en\":\"Kwamouth\"}',1);
INSERT INTO `__PREFIX__subadmin2` (`code`, `country_code`, `subadmin1_code`, `name`, `active`) VALUES ('CD.28.05','CD','CD.28','{\"en\":\"Libenge\"}',1);
INSERT INTO `__PREFIX__subadmin2` (`code`, `country_code`, `subadmin1_code`, `name`, `active`) VALUES ('CD.25.02','CD','CD.25','{\"en\":\"Lisala\"}',1);
INSERT INTO `__PREFIX__subadmin2` (`code`, `country_code`, `subadmin1_code`, `name`, `active`) VALUES ('CD.08.01','CD','CD.08','{\"en\":\"Matadi\"}',1);
INSERT INTO `__PREFIX__subadmin2` (`code`, `country_code`, `subadmin1_code`, `name`, `active`) VALUES ('CD.20.01','CD','CD.20','{\"en\":\"Bandundu\"}',1);
INSERT INTO `__PREFIX__subadmin2` (`code`, `country_code`, `subadmin1_code`, `name`, `active`) VALUES ('CD.27.07','CD','CD.27','{\"en\":\"Lomela\"}',1);
INSERT INTO `__PREFIX__subadmin2` (`code`, `country_code`, `subadmin1_code`, `name`, `active`) VALUES ('CD.21.08','CD','CD.21','{\"en\":\"Lubao\"}',1);
INSERT INTO `__PREFIX__subadmin2` (`code`, `country_code`, `subadmin1_code`, `name`, `active`) VALUES ('CD.27.09','CD','CD.27','{\"en\":\"Lubefu\"}',1);
INSERT INTO `__PREFIX__subadmin2` (`code`, `country_code`, `subadmin1_code`, `name`, `active`) VALUES ('CD.22.03','CD','CD.22','{\"en\":\"Lubudi\"}',1);
INSERT INTO `__PREFIX__subadmin2` (`code`, `country_code`, `subadmin1_code`, `name`, `active`) VALUES ('CD.10.05','CD','CD.10','{\"en\":\"Lubutu\"}',1);
INSERT INTO `__PREFIX__subadmin2` (`code`, `country_code`, `subadmin1_code`, `name`, `active`) VALUES ('CD.18.04','CD','CD.18','{\"en\":\"Luebo\"}',1);
INSERT INTO `__PREFIX__subadmin2` (`code`, `country_code`, `subadmin1_code`, `name`, `active`) VALUES ('CD.17.04','CD','CD.17','{\"en\":\"Mongwalu\"}',1);
INSERT INTO `__PREFIX__subadmin2` (`code`, `country_code`, `subadmin1_code`, `name`, `active`) VALUES ('CD.10.10','CD','CD.10','{\"en\":\"Namoya\"}',1);
INSERT INTO `__PREFIX__subadmin2` (`code`, `country_code`, `subadmin1_code`, `name`, `active`) VALUES ('CD.08.10','CD','CD.08','{\"en\":\"Luozi\"}',1);
INSERT INTO `__PREFIX__subadmin2` (`code`, `country_code`, `subadmin1_code`, `name`, `active`) VALUES ('CD.04.08','CD','CD.04','{\"en\":\"Lupatapata\"}',1);
INSERT INTO `__PREFIX__subadmin2` (`code`, `country_code`, `subadmin1_code`, `name`, `active`) VALUES ('CD.27.02','CD','CD.27','{\"en\":\"Lusambo\"}',1);
INSERT INTO `__PREFIX__subadmin2` (`code`, `country_code`, `subadmin1_code`, `name`, `active`) VALUES ('CD.08.17','CD','CD.08','{\"en\":\"Madimba\"}',1);
INSERT INTO `__PREFIX__subadmin2` (`code`, `country_code`, `subadmin1_code`, `name`, `active`) VALUES ('CD.08.03','CD','CD.08','{\"en\":\"Moanda\"}',1);
INSERT INTO `__PREFIX__subadmin2` (`code`, `country_code`, `subadmin1_code`, `name`, `active`) VALUES ('CD.29.04','CD','CD.29','{\"en\":\"Moba\"}',1);
INSERT INTO `__PREFIX__subadmin2` (`code`, `country_code`, `subadmin1_code`, `name`, `active`) VALUES ('CD.26.02','CD','CD.26','{\"en\":\"Mobayi-Mbongo\"}',1);
INSERT INTO `__PREFIX__subadmin2` (`code`, `country_code`, `subadmin1_code`, `name`, `active`) VALUES ('CD.31.07','CD','CD.31','{\"en\":\"Monkoto\"}',1);
INSERT INTO `__PREFIX__subadmin2` (`code`, `country_code`, `subadmin1_code`, `name`, `active`) VALUES ('CD.24.11','CD','CD.24','{\"en\":\"Mushie\"}',1);
INSERT INTO `__PREFIX__subadmin2` (`code`, `country_code`, `subadmin1_code`, `name`, `active`) VALUES ('CD.22.02','CD','CD.22','{\"en\":\"Mutshatsha\"}',1);
INSERT INTO `__PREFIX__subadmin2` (`code`, `country_code`, `subadmin1_code`, `name`, `active`) VALUES ('CD.18.07','CD','CD.18','{\"en\":\"Mweka\"}',1);
INSERT INTO `__PREFIX__subadmin2` (`code`, `country_code`, `subadmin1_code`, `name`, `active`) VALUES ('CD.12.11','CD','CD.12','{\"en\":\"Baraka\"}',1);
INSERT INTO `__PREFIX__subadmin2` (`code`, `country_code`, `subadmin1_code`, `name`, `active`) VALUES ('CD.13.02','CD','CD.13','{\"en\":\"Buta\"}',1);
INSERT INTO `__PREFIX__subadmin2` (`code`, `country_code`, `subadmin1_code`, `name`, `active`) VALUES ('CD.22.05','CD','CD.22','{\"en\":\"Dilolo\"}',1);
INSERT INTO `__PREFIX__subadmin2` (`code`, `country_code`, `subadmin1_code`, `name`, `active`) VALUES ('CD.23.07','CD','CD.23','{\"en\":\"Dimbelenge\"}',1);
INSERT INTO `__PREFIX__subadmin2` (`code`, `country_code`, `subadmin1_code`, `name`, `active`) VALUES ('CD.10.02','CD','CD.10','{\"en\":\"Kailo\"}',1);
INSERT INTO `__PREFIX__subadmin2` (`code`, `country_code`, `subadmin1_code`, `name`, `active`) VALUES ('CD.16.06','CD','CD.16','{\"en\":\"Aba\"}',1);
INSERT INTO `__PREFIX__subadmin2` (`code`, `country_code`, `subadmin1_code`, `name`, `active`) VALUES ('CD.13.04','CD','CD.13','{\"en\":\"Aketi\"}',1);
INSERT INTO `__PREFIX__subadmin2` (`code`, `country_code`, `subadmin1_code`, `name`, `active`) VALUES ('CD.02.01','CD','CD.02','{\"en\":\"Mbandaka\"}',1);
INSERT INTO `__PREFIX__subadmin2` (`code`, `country_code`, `subadmin1_code`, `name`, `active`) VALUES ('CD.20.08','CD','CD.20','{\"en\":\"Mangai\"}',1);
INSERT INTO `__PREFIX__subadmin2` (`code`, `country_code`, `subadmin1_code`, `name`, `active`) VALUES ('CD.20.12','CD','CD.20','{\"en\":\"Masi-Manimba\"}',1);
INSERT INTO `__PREFIX__subadmin2` (`code`, `country_code`, `subadmin1_code`, `name`, `active`) VALUES ('CD.29.10','CD','CD.29','{\"en\":\"Nyunzu\"}',1);
INSERT INTO `__PREFIX__subadmin2` (`code`, `country_code`, `subadmin1_code`, `name`, `active`) VALUES ('CD.14.08','CD','CD.14','{\"en\":\"Mitwaba\"}',1);
INSERT INTO `__PREFIX__subadmin2` (`code`, `country_code`, `subadmin1_code`, `name`, `active`) VALUES ('CD.24.04','CD','CD.24','{\"en\":\"Oshwe\"}',1);
INSERT INTO `__PREFIX__subadmin2` (`code`, `country_code`, `subadmin1_code`, `name`, `active`) VALUES ('CD.23.03','CD','CD.23','{\"en\":\"Tshimbulu\"}',1);
INSERT INTO `__PREFIX__subadmin2` (`code`, `country_code`, `subadmin1_code`, `name`, `active`) VALUES ('CD.10.01','CD','CD.10','{\"en\":\"Kindu\"}',1);
INSERT INTO `__PREFIX__subadmin2` (`code`, `country_code`, `subadmin1_code`, `name`, `active`) VALUES ('CD.24.10','CD','CD.24','{\"en\":\"Yumbi\"}',1);
INSERT INTO `__PREFIX__subadmin2` (`code`, `country_code`, `subadmin1_code`, `name`, `active`) VALUES ('CD.08.18','CD','CD.08','{\"en\":\"Inkisi\"}',1);
INSERT INTO `__PREFIX__subadmin2` (`code`, `country_code`, `subadmin1_code`, `name`, `active`) VALUES ('CD.24.02','CD','CD.24','{\"en\":\"Inongo\"}',1);
INSERT INTO `__PREFIX__subadmin2` (`code`, `country_code`, `subadmin1_code`, `name`, `active`) VALUES ('CD.17.02','CD','CD.17','{\"en\":\"Irumu\"}',1);
INSERT INTO `__PREFIX__subadmin2` (`code`, `country_code`, `subadmin1_code`, `name`, `active`) VALUES ('CD.15.04','CD','CD.15','{\"en\":\"Kabongo\"}',1);
INSERT INTO `__PREFIX__subadmin2` (`code`, `country_code`, `subadmin1_code`, `name`, `active`) VALUES ('CD.19.05','CD','CD.19','{\"en\":\"Kahemba\"}',1);
INSERT INTO `__PREFIX__subadmin2` (`code`, `country_code`, `subadmin1_code`, `name`, `active`) VALUES ('CD.04.04','CD','CD.04','{\"en\":\"Lukalaba\"}',1);
INSERT INTO `__PREFIX__subadmin2` (`code`, `country_code`, `subadmin1_code`, `name`, `active`) VALUES ('CD.14.09','CD','CD.14','{\"en\":\"Pweto\"}',1);
INSERT INTO `__PREFIX__subadmin2` (`code`, `country_code`, `subadmin1_code`, `name`, `active`) VALUES ('CD.16.02','CD','CD.16','{\"en\":\"Rungu\"}',1);
INSERT INTO `__PREFIX__subadmin2` (`code`, `country_code`, `subadmin1_code`, `name`, `active`) VALUES ('CD.14.04','CD','CD.14','{\"en\":\"Sakania\"}',1);
INSERT INTO `__PREFIX__subadmin2` (`code`, `country_code`, `subadmin1_code`, `name`, `active`) VALUES ('CD.22.06','CD','CD.22','{\"en\":\"Sandoa\"}',1);
INSERT INTO `__PREFIX__subadmin2` (`code`, `country_code`, `subadmin1_code`, `name`, `active`) VALUES ('CD.24.03','CD','CD.24','{\"en\":\"Kiri\"}',1);
INSERT INTO `__PREFIX__subadmin2` (`code`, `country_code`, `subadmin1_code`, `name`, `active`) VALUES ('CD.24.05','CD','CD.24','{\"en\":\"Nioki\"}',1);
INSERT INTO `__PREFIX__subadmin2` (`code`, `country_code`, `subadmin1_code`, `name`, `active`) VALUES ('CD.27.11','CD','CD.27','{\"en\":\"Tshumbe\"}',1);
INSERT INTO `__PREFIX__subadmin2` (`code`, `country_code`, `subadmin1_code`, `name`, `active`) VALUES ('CD.30.02','CD','CD.30','{\"en\":\"Ubundu\"}',1);
INSERT INTO `__PREFIX__subadmin2` (`code`, `country_code`, `subadmin1_code`, `name`, `active`) VALUES ('CD.12.08','CD','CD.12','{\"en\":\"Uvira\"}',1);
INSERT INTO `__PREFIX__subadmin2` (`code`, `country_code`, `subadmin1_code`, `name`, `active`) VALUES ('CD.17.01','CD','CD.17','{\"en\":\"Bunia\"}',1);
INSERT INTO `__PREFIX__subadmin2` (`code`, `country_code`, `subadmin1_code`, `name`, `active`) VALUES ('CD.21.03','CD','CD.21','{\"en\":\"Mwene-Ditu\"}',1);
INSERT INTO `__PREFIX__subadmin2` (`code`, `country_code`, `subadmin1_code`, `name`, `active`) VALUES ('CD.02.05','CD','CD.02','{\"en\":\"Makanza\"}',1);
INSERT INTO `__PREFIX__subadmin2` (`code`, `country_code`, `subadmin1_code`, `name`, `active`) VALUES ('CD.10.08','CD','CD.10','{\"en\":\"Kalima\"}',1);
INSERT INTO `__PREFIX__subadmin2` (`code`, `country_code`, `subadmin1_code`, `name`, `active`) VALUES ('CD.26.01','CD','CD.26','{\"en\":\"Gbadolite\"}',1);
INSERT INTO `__PREFIX__subadmin2` (`code`, `country_code`, `subadmin1_code`, `name`, `active`) VALUES ('CD.08.05','CD','CD.08','{\"en\":\"Lukula\"}',1);
INSERT INTO `__PREFIX__subadmin2` (`code`, `country_code`, `subadmin1_code`, `name`, `active`) VALUES ('CD.04.02','CD','CD.04','{\"en\":\"Tshilenge\"}',1);
INSERT INTO `__PREFIX__subadmin2` (`code`, `country_code`, `subadmin1_code`, `name`, `active`) VALUES ('CD.17.09','CD','CD.17','{\"en\":\"Aru\"}',1);
INSERT INTO `__PREFIX__subadmin2` (`code`, `country_code`, `subadmin1_code`, `name`, `active`) VALUES ('CD.20.03','CD','CD.20','{\"en\":\"Kikwit\"}',1);
INSERT INTO `__PREFIX__subadmin2` (`code`, `country_code`, `subadmin1_code`, `name`, `active`) VALUES ('CD.16.09','CD','CD.16','{\"en\":\"Watsa\"}',1);
INSERT INTO `__PREFIX__subadmin2` (`code`, `country_code`, `subadmin1_code`, `name`, `active`) VALUES ('CD.02.02','CD','CD.02','{\"en\":\"Bikoro\"}',1);
INSERT INTO `__PREFIX__subadmin2` (`code`, `country_code`, `subadmin1_code`, `name`, `active`) VALUES ('CD.24.08','CD','CD.24','{\"en\":\"Bolobo\"}',1);
INSERT INTO `__PREFIX__subadmin2` (`code`, `country_code`, `subadmin1_code`, `name`, `active`) VALUES ('CD.12.06','CD','CD.12','{\"en\":\"Idjwi\"}',1);
INSERT INTO `__PREFIX__subadmin2` (`code`, `country_code`, `subadmin1_code`, `name`, `active`) VALUES ('CD.30.05','CD','CD.30','{\"en\":\"Isangi\"}',1);
INSERT INTO `__PREFIX__subadmin2` (`code`, `country_code`, `subadmin1_code`, `name`, `active`) VALUES ('CD.21.05','CD','CD.21','{\"en\":\"Kamiji\"}',1);
INSERT INTO `__PREFIX__subadmin2` (`code`, `country_code`, `subadmin1_code`, `name`, `active`) VALUES ('CD.17.07','CD','CD.17','{\"en\":\"Mahagi\"}',1);
INSERT INTO `__PREFIX__subadmin2` (`code`, `country_code`, `subadmin1_code`, `name`, `active`) VALUES ('CD.08.09','CD','CD.08','{\"en\":\"Seke-Banza\"}',1);
INSERT INTO `__PREFIX__subadmin2` (`code`, `country_code`, `subadmin1_code`, `name`, `active`) VALUES ('CD.08.19','CD','CD.08','{\"en\":\"Kimvula\"}',1);
INSERT INTO `__PREFIX__subadmin2` (`code`, `country_code`, `subadmin1_code`, `name`, `active`) VALUES ('CD.27.03','CD','CD.27','{\"en\":\"Lodja\"}',1);
INSERT INTO `__PREFIX__subadmin2` (`code`, `country_code`, `subadmin1_code`, `name`, `active`) VALUES ('CD.02.03','CD','CD.02','{\"en\":\"Lukolela\"}',1);
INSERT INTO `__PREFIX__subadmin2` (`code`, `country_code`, `subadmin1_code`, `name`, `active`) VALUES ('CD.04.05','CD','CD.04','{\"en\":\"Miabi\"}',1);
INSERT INTO `__PREFIX__subadmin2` (`code`, `country_code`, `subadmin1_code`, `name`, `active`) VALUES ('CD.30.03','CD','CD.30','{\"en\":\"Opala\"}',1);
INSERT INTO `__PREFIX__subadmin2` (`code`, `country_code`, `subadmin1_code`, `name`, `active`) VALUES ('CD.08.07','CD','CD.08','{\"en\":\"Tshela\"}',1);
/*!40000 ALTER TABLE `__PREFIX__subadmin2` ENABLE KEYS */;

--
-- Dumping data for table `__PREFIX__cities`
--

/*!40000 ALTER TABLE `__PREFIX__cities` DISABLE KEYS */;
INSERT INTO `__PREFIX__cities` (`country_code`, `name`, `longitude`, `latitude`, `feature_class`, `feature_code`, `subadmin1_code`, `subadmin2_code`, `population`, `time_zone`, `active`, `created_at`, `updated_at`) VALUES ('CD','{\"en\":\"Yangambi\"}',24.44,0.77,'P','PPL','CD.30','CD.30.05',35531,'Africa/Lubumbashi',1,'2021-09-09 23:00:00','2021-09-09 23:00:00');
INSERT INTO `__PREFIX__cities` (`country_code`, `name`, `longitude`, `latitude`, `feature_class`, `feature_code`, `subadmin1_code`, `subadmin2_code`, `population`, `time_zone`, `active`, `created_at`, `updated_at`) VALUES ('CD','{\"en\":\"Watsa\"}',29.54,3.04,'P','PPL','CD.16','CD.16.09',24516,'Africa/Lubumbashi',1,'2021-09-09 23:00:00','2021-09-09 23:00:00');
INSERT INTO `__PREFIX__cities` (`country_code`, `name`, `longitude`, `latitude`, `feature_class`, `feature_code`, `subadmin1_code`, `subadmin2_code`, `population`, `time_zone`, `active`, `created_at`, `updated_at`) VALUES ('CD','{\"en\":\"Wamba\"}',27.99,2.15,'P','PPL','CD.16','CD.16.11',17373,'Africa/Lubumbashi',1,'2021-09-09 23:00:00','2021-09-09 23:00:00');
INSERT INTO `__PREFIX__cities` (`country_code`, `name`, `longitude`, `latitude`, `feature_class`, `feature_code`, `subadmin1_code`, `subadmin2_code`, `population`, `time_zone`, `active`, `created_at`, `updated_at`) VALUES ('CD','{\"en\":\"Uvira\"}',29.14,-3.40,'P','PPL','CD.12','CD.12.08',170391,'Africa/Lubumbashi',1,'2021-09-09 23:00:00','2021-09-09 23:00:00');
INSERT INTO `__PREFIX__cities` (`country_code`, `name`, `longitude`, `latitude`, `feature_class`, `feature_code`, `subadmin1_code`, `subadmin2_code`, `population`, `time_zone`, `active`, `created_at`, `updated_at`) VALUES ('CD','{\"en\":\"Tshikapa\"}',20.80,-6.42,'P','PPLA2','CD.18','CD.18.8335011',267462,'Africa/Lubumbashi',1,'2016-11-27 23:00:00','2016-11-27 23:00:00');
INSERT INTO `__PREFIX__cities` (`country_code`, `name`, `longitude`, `latitude`, `feature_class`, `feature_code`, `subadmin1_code`, `subadmin2_code`, `population`, `time_zone`, `active`, `created_at`, `updated_at`) VALUES ('CD','{\"en\":\"Sake\"}',29.04,-1.57,'P','PPL','CD.11','CD.11.03',17151,'Africa/Lubumbashi',1,'2021-09-09 23:00:00','2021-09-09 23:00:00');
INSERT INTO `__PREFIX__cities` (`country_code`, `name`, `longitude`, `latitude`, `feature_class`, `feature_code`, `subadmin1_code`, `subadmin2_code`, `population`, `time_zone`, `active`, `created_at`, `updated_at`) VALUES ('CD','{\"en\":\"Mwene-Ditu\"}',23.45,-7.01,'P','PPL','CD.21','CD.21.03',189177,'Africa/Lubumbashi',1,'2021-09-09 23:00:00','2021-09-09 23:00:00');
INSERT INTO `__PREFIX__cities` (`country_code`, `name`, `longitude`, `latitude`, `feature_class`, `feature_code`, `subadmin1_code`, `subadmin2_code`, `population`, `time_zone`, `active`, `created_at`, `updated_at`) VALUES ('CD','{\"en\":\"Mweka\"}',21.56,-4.85,'P','PPL','CD.18','CD.18.07',50675,'Africa/Lubumbashi',1,'2021-09-09 23:00:00','2021-09-09 23:00:00');
INSERT INTO `__PREFIX__cities` (`country_code`, `name`, `longitude`, `latitude`, `feature_class`, `feature_code`, `subadmin1_code`, `subadmin2_code`, `population`, `time_zone`, `active`, `created_at`, `updated_at`) VALUES ('CD','{\"en\":\"Mbuji-Mayi\"}',23.59,-6.14,'P','PPLA','CD.04','CD.04.01',874761,'Africa/Lubumbashi',1,'2021-09-09 23:00:00','2021-09-09 23:00:00');
INSERT INTO `__PREFIX__cities` (`country_code`, `name`, `longitude`, `latitude`, `feature_class`, `feature_code`, `subadmin1_code`, `subadmin2_code`, `population`, `time_zone`, `active`, `created_at`, `updated_at`) VALUES ('CD','{\"en\":\"Lusambo\"}',23.44,-4.98,'P','PPLA','CD.27','CD.27.02',41416,'Africa/Lubumbashi',1,'2021-09-09 23:00:00','2021-09-09 23:00:00');
INSERT INTO `__PREFIX__cities` (`country_code`, `name`, `longitude`, `latitude`, `feature_class`, `feature_code`, `subadmin1_code`, `subadmin2_code`, `population`, `time_zone`, `active`, `created_at`, `updated_at`) VALUES ('CD','{\"en\":\"Luebo\"}',21.42,-5.35,'P','PPLA','CD.18','CD.18.04',35183,'Africa/Lubumbashi',1,'2021-09-09 23:00:00','2021-09-09 23:00:00');
INSERT INTO `__PREFIX__cities` (`country_code`, `name`, `longitude`, `latitude`, `feature_class`, `feature_code`, `subadmin1_code`, `subadmin2_code`, `population`, `time_zone`, `active`, `created_at`, `updated_at`) VALUES ('CD','{\"en\":\"Lubao\"}',25.75,-5.39,'P','PPL','CD.21','CD.21.08',43068,'Africa/Lubumbashi',1,'2021-09-09 23:00:00','2021-09-09 23:00:00');
INSERT INTO `__PREFIX__cities` (`country_code`, `name`, `longitude`, `latitude`, `feature_class`, `feature_code`, `subadmin1_code`, `subadmin2_code`, `population`, `time_zone`, `active`, `created_at`, `updated_at`) VALUES ('CD','{\"en\":\"Lodja\"}',23.60,-3.52,'P','PPL','CD.27','CD.27.03',68244,'Africa/Lubumbashi',1,'2021-09-09 23:00:00','2021-09-09 23:00:00');
INSERT INTO `__PREFIX__cities` (`country_code`, `name`, `longitude`, `latitude`, `feature_class`, `feature_code`, `subadmin1_code`, `subadmin2_code`, `population`, `time_zone`, `active`, `created_at`, `updated_at`) VALUES ('CD','{\"en\":\"Lisala\"}',21.52,2.15,'P','PPL','CD.25','CD.25.02',70087,'Africa/Kinshasa',1,'2021-09-09 23:00:00','2021-09-09 23:00:00');
INSERT INTO `__PREFIX__cities` (`country_code`, `name`, `longitude`, `latitude`, `feature_class`, `feature_code`, `subadmin1_code`, `subadmin2_code`, `population`, `time_zone`, `active`, `created_at`, `updated_at`) VALUES ('CD','{\"en\":\"Kongolo\"}',27.00,-5.39,'P','PPL','CD.29','CD.29.09',31943,'Africa/Lubumbashi',1,'2021-09-09 23:00:00','2021-09-09 23:00:00');
INSERT INTO `__PREFIX__cities` (`country_code`, `name`, `longitude`, `latitude`, `feature_class`, `feature_code`, `subadmin1_code`, `subadmin2_code`, `population`, `time_zone`, `active`, `created_at`, `updated_at`) VALUES ('CD','{\"en\":\"Kisangani\"}',25.19,0.52,'P','PPLA','CD.30','CD.30.01',539158,'Africa/Lubumbashi',1,'2021-09-09 23:00:00','2021-09-09 23:00:00');
INSERT INTO `__PREFIX__cities` (`country_code`, `name`, `longitude`, `latitude`, `feature_class`, `feature_code`, `subadmin1_code`, `subadmin2_code`, `population`, `time_zone`, `active`, `created_at`, `updated_at`) VALUES ('CD','{\"en\":\"Kindu\"}',25.92,-2.94,'P','PPLA','CD.10','CD.10.01',135698,'Africa/Lubumbashi',1,'2021-09-09 23:00:00','2021-09-09 23:00:00');
INSERT INTO `__PREFIX__cities` (`country_code`, `name`, `longitude`, `latitude`, `feature_class`, `feature_code`, `subadmin1_code`, `subadmin2_code`, `population`, `time_zone`, `active`, `created_at`, `updated_at`) VALUES ('CD','{\"en\":\"Kasongo\"}',26.67,-4.43,'P','PPL','CD.10','CD.10.11',55118,'Africa/Lubumbashi',1,'2021-09-09 23:00:00','2021-09-09 23:00:00');
INSERT INTO `__PREFIX__cities` (`country_code`, `name`, `longitude`, `latitude`, `feature_class`, `feature_code`, `subadmin1_code`, `subadmin2_code`, `population`, `time_zone`, `active`, `created_at`, `updated_at`) VALUES ('CD','{\"en\":\"Kananga\"}',22.42,-5.90,'P','PPLA','CD.23','CD.23.9179898',463546,'Africa/Lubumbashi',1,'2016-12-30 23:00:00','2016-12-30 23:00:00');
INSERT INTO `__PREFIX__cities` (`country_code`, `name`, `longitude`, `latitude`, `feature_class`, `feature_code`, `subadmin1_code`, `subadmin2_code`, `population`, `time_zone`, `active`, `created_at`, `updated_at`) VALUES ('CD','{\"en\":\"Kampene\"}',26.67,-3.60,'P','PPL','CD.10','CD.10.07',37034,'Africa/Lubumbashi',1,'2021-09-09 23:00:00','2021-09-09 23:00:00');
INSERT INTO `__PREFIX__cities` (`country_code`, `name`, `longitude`, `latitude`, `feature_class`, `feature_code`, `subadmin1_code`, `subadmin2_code`, `population`, `time_zone`, `active`, `created_at`, `updated_at`) VALUES ('CD','{\"en\":\"Kamina\"}',25.00,-8.74,'P','PPLA','CD.15','CD.15.02',73557,'Africa/Lubumbashi',1,'2021-09-08 23:00:00','2021-09-08 23:00:00');
INSERT INTO `__PREFIX__cities` (`country_code`, `name`, `longitude`, `latitude`, `feature_class`, `feature_code`, `subadmin1_code`, `subadmin2_code`, `population`, `time_zone`, `active`, `created_at`, `updated_at`) VALUES ('CD','{\"en\":\"Kalemie\"}',29.19,-5.95,'P','PPL','CD.29','CD.29.02',146974,'Africa/Lubumbashi',1,'2021-09-09 23:00:00','2021-09-09 23:00:00');
INSERT INTO `__PREFIX__cities` (`country_code`, `name`, `longitude`, `latitude`, `feature_class`, `feature_code`, `subadmin1_code`, `subadmin2_code`, `population`, `time_zone`, `active`, `created_at`, `updated_at`) VALUES ('CD','{\"en\":\"Kabinda\"}',24.48,-6.14,'P','PPL','CD.21','CD.21.02',59004,'Africa/Lubumbashi',1,'2021-09-09 23:00:00','2021-09-09 23:00:00');
INSERT INTO `__PREFIX__cities` (`country_code`, `name`, `longitude`, `latitude`, `feature_class`, `feature_code`, `subadmin1_code`, `subadmin2_code`, `population`, `time_zone`, `active`, `created_at`, `updated_at`) VALUES ('CD','{\"en\":\"Kabare\"}',28.79,-2.50,'P','PPL','CD.12','CD.12.02',37034,'Africa/Lubumbashi',1,'2021-09-09 23:00:00','2021-09-09 23:00:00');
INSERT INTO `__PREFIX__cities` (`country_code`, `name`, `longitude`, `latitude`, `feature_class`, `feature_code`, `subadmin1_code`, `subadmin2_code`, `population`, `time_zone`, `active`, `created_at`, `updated_at`) VALUES ('CD','{\"en\":\"Kabalo\"}',26.91,-6.05,'P','PPL','CD.29','CD.29.07',29833,'Africa/Lubumbashi',1,'2021-09-09 23:00:00','2021-09-09 23:00:00');
INSERT INTO `__PREFIX__cities` (`country_code`, `name`, `longitude`, `latitude`, `feature_class`, `feature_code`, `subadmin1_code`, `subadmin2_code`, `population`, `time_zone`, `active`, `created_at`, `updated_at`) VALUES ('CD','{\"en\":\"Isiro\"}',27.62,2.77,'P','PPLA','CD.16','CD.16.01',127076,'Africa/Lubumbashi',1,'2021-09-09 23:00:00','2021-09-09 23:00:00');
INSERT INTO `__PREFIX__cities` (`country_code`, `name`, `longitude`, `latitude`, `feature_class`, `feature_code`, `subadmin1_code`, `subadmin2_code`, `population`, `time_zone`, `active`, `created_at`, `updated_at`) VALUES ('CD','{\"en\":\"Ilebo\"}',20.59,-4.33,'P','PPL','CD.18','CD.18.05',107093,'Africa/Lubumbashi',1,'2021-09-09 23:00:00','2021-09-09 23:00:00');
INSERT INTO `__PREFIX__cities` (`country_code`, `name`, `longitude`, `latitude`, `feature_class`, `feature_code`, `subadmin1_code`, `subadmin2_code`, `population`, `time_zone`, `active`, `created_at`, `updated_at`) VALUES ('CD','{\"en\":\"Goma\"}',29.23,-1.67,'P','PPLA','CD.11','CD.11.01',144124,'Africa/Lubumbashi',1,'2021-09-09 23:00:00','2021-09-09 23:00:00');
INSERT INTO `__PREFIX__cities` (`country_code`, `name`, `longitude`, `latitude`, `feature_class`, `feature_code`, `subadmin1_code`, `subadmin2_code`, `population`, `time_zone`, `active`, `created_at`, `updated_at`) VALUES ('CD','{\"en\":\"Gbadolite\"}',21.00,4.28,'P','PPLA','CD.26','CD.26.01',50493,'Africa/Kinshasa',1,'2021-09-09 23:00:00','2021-09-09 23:00:00');
INSERT INTO `__PREFIX__cities` (`country_code`, `name`, `longitude`, `latitude`, `feature_class`, `feature_code`, `subadmin1_code`, `subadmin2_code`, `population`, `time_zone`, `active`, `created_at`, `updated_at`) VALUES ('CD','{\"en\":\"Gandajika\"}',23.95,-6.75,'P','PPL','CD.21','CD.21.06',154425,'Africa/Lubumbashi',1,'2021-09-09 23:00:00','2021-09-09 23:00:00');
INSERT INTO `__PREFIX__cities` (`country_code`, `name`, `longitude`, `latitude`, `feature_class`, `feature_code`, `subadmin1_code`, `subadmin2_code`, `population`, `time_zone`, `active`, `created_at`, `updated_at`) VALUES ('CD','{\"en\":\"Demba\"}',22.27,-5.50,'P','PPL','CD.23','CD.23.06',22263,'Africa/Lubumbashi',1,'2021-09-09 23:00:00','2021-09-09 23:00:00');
INSERT INTO `__PREFIX__cities` (`country_code`, `name`, `longitude`, `latitude`, `feature_class`, `feature_code`, `subadmin1_code`, `subadmin2_code`, `population`, `time_zone`, `active`, `created_at`, `updated_at`) VALUES ('CD','{\"en\":\"Butembo\"}',29.29,0.14,'P','PPLA3','CD.11','CD.11.33',154621,'Africa/Lubumbashi',1,'2013-01-01 23:00:00','2013-01-01 23:00:00');
INSERT INTO `__PREFIX__cities` (`country_code`, `name`, `longitude`, `latitude`, `feature_class`, `feature_code`, `subadmin1_code`, `subadmin2_code`, `population`, `time_zone`, `active`, `created_at`, `updated_at`) VALUES ('CD','{\"en\":\"Buta\"}',24.73,2.79,'P','PPLA','CD.13','CD.13.02',50130,'Africa/Lubumbashi',1,'2021-09-09 23:00:00','2021-09-09 23:00:00');
INSERT INTO `__PREFIX__cities` (`country_code`, `name`, `longitude`, `latitude`, `feature_class`, `feature_code`, `subadmin1_code`, `subadmin2_code`, `population`, `time_zone`, `active`, `created_at`, `updated_at`) VALUES ('CD','{\"en\":\"Businga\"}',20.89,3.34,'P','PPL','CD.26','CD.26.05',28919,'Africa/Kinshasa',1,'2021-09-09 23:00:00','2021-09-09 23:00:00');
INSERT INTO `__PREFIX__cities` (`country_code`, `name`, `longitude`, `latitude`, `feature_class`, `feature_code`, `subadmin1_code`, `subadmin2_code`, `population`, `time_zone`, `active`, `created_at`, `updated_at`) VALUES ('CD','{\"en\":\"Bunia\"}',30.25,1.56,'P','PPLA','CD.17','CD.17.01',96764,'Africa/Lubumbashi',1,'2021-09-09 23:00:00','2021-09-09 23:00:00');
INSERT INTO `__PREFIX__cities` (`country_code`, `name`, `longitude`, `latitude`, `feature_class`, `feature_code`, `subadmin1_code`, `subadmin2_code`, `population`, `time_zone`, `active`, `created_at`, `updated_at`) VALUES ('CD','{\"en\":\"Bumba\"}',22.47,2.19,'P','PPL','CD.25','CD.25.04',95520,'Africa/Kinshasa',1,'2021-09-09 23:00:00','2021-09-09 23:00:00');
INSERT INTO `__PREFIX__cities` (`country_code`, `name`, `longitude`, `latitude`, `feature_class`, `feature_code`, `subadmin1_code`, `subadmin2_code`, `population`, `time_zone`, `active`, `created_at`, `updated_at`) VALUES ('CD','{\"en\":\"Bukavu\"}',28.84,-2.49,'P','PPLA','CD.12','CD.12.01',225389,'Africa/Lubumbashi',1,'2021-09-09 23:00:00','2021-09-09 23:00:00');
INSERT INTO `__PREFIX__cities` (`country_code`, `name`, `longitude`, `latitude`, `feature_class`, `feature_code`, `subadmin1_code`, `subadmin2_code`, `population`, `time_zone`, `active`, `created_at`, `updated_at`) VALUES ('CD','{\"en\":\"Bukama\"}',25.85,-9.20,'P','PPL','CD.15','CD.15.06',38770,'Africa/Lubumbashi',1,'2021-09-09 23:00:00','2021-09-09 23:00:00');
INSERT INTO `__PREFIX__cities` (`country_code`, `name`, `longitude`, `latitude`, `feature_class`, `feature_code`, `subadmin1_code`, `subadmin2_code`, `population`, `time_zone`, `active`, `created_at`, `updated_at`) VALUES ('CD','{\"en\":\"Bondo\"}',23.69,3.81,'P','PPL','CD.13','CD.13.06',17860,'Africa/Lubumbashi',1,'2021-09-09 23:00:00','2021-09-09 23:00:00');
INSERT INTO `__PREFIX__cities` (`country_code`, `name`, `longitude`, `latitude`, `feature_class`, `feature_code`, `subadmin1_code`, `subadmin2_code`, `population`, `time_zone`, `active`, `created_at`, `updated_at`) VALUES ('CD','{\"en\":\"Boende\"}',20.88,-0.28,'P','PPLA','CD.31','CD.31.02',32091,'Africa/Kinshasa',1,'2021-09-09 23:00:00','2021-09-09 23:00:00');
INSERT INTO `__PREFIX__cities` (`country_code`, `name`, `longitude`, `latitude`, `feature_class`, `feature_code`, `subadmin1_code`, `subadmin2_code`, `population`, `time_zone`, `active`, `created_at`, `updated_at`) VALUES ('CD','{\"en\":\"Beni\"}',29.47,0.49,'P','PPL','CD.11','CD.11.09',232000,'Africa/Lubumbashi',1,'2021-09-09 23:00:00','2021-09-09 23:00:00');
INSERT INTO `__PREFIX__cities` (`country_code`, `name`, `longitude`, `latitude`, `feature_class`, `feature_code`, `subadmin1_code`, `subadmin2_code`, `population`, `time_zone`, `active`, `created_at`, `updated_at`) VALUES ('CD','{\"en\":\"Basoko\"}',23.62,1.24,'P','PPL','CD.30','CD.30.09',43709,'Africa/Lubumbashi',1,'2021-09-09 23:00:00','2021-09-09 23:00:00');
INSERT INTO `__PREFIX__cities` (`country_code`, `name`, `longitude`, `latitude`, `feature_class`, `feature_code`, `subadmin1_code`, `subadmin2_code`, `population`, `time_zone`, `active`, `created_at`, `updated_at`) VALUES ('CD','{\"en\":\"Aketi\"}',23.78,2.74,'P','PPL','CD.13','CD.13.04',35161,'Africa/Lubumbashi',1,'2021-09-09 23:00:00','2021-09-09 23:00:00');
INSERT INTO `__PREFIX__cities` (`country_code`, `name`, `longitude`, `latitude`, `feature_class`, `feature_code`, `subadmin1_code`, `subadmin2_code`, `population`, `time_zone`, `active`, `created_at`, `updated_at`) VALUES ('CD','{\"en\":\"Lubumbashi\"}',27.48,-11.66,'P','PPLA','CD.14','CD.14.01',1373770,'Africa/Lubumbashi',1,'2021-09-09 23:00:00','2021-09-09 23:00:00');
INSERT INTO `__PREFIX__cities` (`country_code`, `name`, `longitude`, `latitude`, `feature_class`, `feature_code`, `subadmin1_code`, `subadmin2_code`, `population`, `time_zone`, `active`, `created_at`, `updated_at`) VALUES ('CD','{\"en\":\"Likasi\"}',26.74,-10.98,'P','PPL','CD.14','CD.14.06',422414,'Africa/Lubumbashi',1,'2021-09-09 23:00:00','2021-09-09 23:00:00');
INSERT INTO `__PREFIX__cities` (`country_code`, `name`, `longitude`, `latitude`, `feature_class`, `feature_code`, `subadmin1_code`, `subadmin2_code`, `population`, `time_zone`, `active`, `created_at`, `updated_at`) VALUES ('CD','{\"en\":\"Kolwezi\"}',25.47,-10.71,'P','PPLA2','CD.22','CD.22.922772',418000,'Africa/Lubumbashi',1,'2016-11-27 23:00:00','2016-11-27 23:00:00');
INSERT INTO `__PREFIX__cities` (`country_code`, `name`, `longitude`, `latitude`, `feature_class`, `feature_code`, `subadmin1_code`, `subadmin2_code`, `population`, `time_zone`, `active`, `created_at`, `updated_at`) VALUES ('CD','{\"en\":\"Kipushi\"}',27.25,-11.76,'P','PPL','CD.14','CD.14.02',62332,'Africa/Lubumbashi',1,'2021-09-09 23:00:00','2021-09-09 23:00:00');
INSERT INTO `__PREFIX__cities` (`country_code`, `name`, `longitude`, `latitude`, `feature_class`, `feature_code`, `subadmin1_code`, `subadmin2_code`, `population`, `time_zone`, `active`, `created_at`, `updated_at`) VALUES ('CD','{\"en\":\"Kambove\"}',26.60,-10.87,'P','PPL','CD.14','CD.14.05',36702,'Africa/Lubumbashi',1,'2021-09-09 23:00:00','2021-09-09 23:00:00');
INSERT INTO `__PREFIX__cities` (`country_code`, `name`, `longitude`, `latitude`, `feature_class`, `feature_code`, `subadmin1_code`, `subadmin2_code`, `population`, `time_zone`, `active`, `created_at`, `updated_at`) VALUES ('CD','{\"en\":\"Tshela\"}',12.95,-5.00,'P','PPL','CD.08','CD.08.07',38845,'Africa/Kinshasa',1,'2021-09-09 23:00:00','2021-09-09 23:00:00');
INSERT INTO `__PREFIX__cities` (`country_code`, `name`, `longitude`, `latitude`, `feature_class`, `feature_code`, `subadmin1_code`, `subadmin2_code`, `population`, `time_zone`, `active`, `created_at`, `updated_at`) VALUES ('CD','{\"en\":\"Nioki\"}',17.69,-2.72,'P','PPL','CD.24','CD.24.05',40695,'Africa/Kinshasa',1,'2021-09-09 23:00:00','2021-09-09 23:00:00');
INSERT INTO `__PREFIX__cities` (`country_code`, `name`, `longitude`, `latitude`, `feature_class`, `feature_code`, `subadmin1_code`, `subadmin2_code`, `population`, `time_zone`, `active`, `created_at`, `updated_at`) VALUES ('CD','{\"en\":\"Mushie\"}',16.92,-3.02,'P','PPL','CD.24','CD.24.11',33062,'Africa/Kinshasa',1,'2021-09-09 23:00:00','2021-09-09 23:00:00');
INSERT INTO `__PREFIX__cities` (`country_code`, `name`, `longitude`, `latitude`, `feature_class`, `feature_code`, `subadmin1_code`, `subadmin2_code`, `population`, `time_zone`, `active`, `created_at`, `updated_at`) VALUES ('CD','{\"en\":\"Moanda\"}',12.37,-5.93,'P','PPL','CD.08','CD.08.03',50000,'Africa/Kinshasa',1,'2021-09-09 23:00:00','2021-09-09 23:00:00');
INSERT INTO `__PREFIX__cities` (`country_code`, `name`, `longitude`, `latitude`, `feature_class`, `feature_code`, `subadmin1_code`, `subadmin2_code`, `population`, `time_zone`, `active`, `created_at`, `updated_at`) VALUES ('CD','{\"en\":\"Mbanza-Ngungu\"}',14.86,-5.26,'P','PPL','CD.08','CD.08.13',86356,'Africa/Kinshasa',1,'2021-09-09 23:00:00','2021-09-09 23:00:00');
INSERT INTO `__PREFIX__cities` (`country_code`, `name`, `longitude`, `latitude`, `feature_class`, `feature_code`, `subadmin1_code`, `subadmin2_code`, `population`, `time_zone`, `active`, `created_at`, `updated_at`) VALUES ('CD','{\"en\":\"Mbandaka\"}',18.26,0.05,'P','PPLA','CD.02','CD.02.01',184185,'Africa/Kinshasa',1,'2021-09-08 23:00:00','2021-09-08 23:00:00');
INSERT INTO `__PREFIX__cities` (`country_code`, `name`, `longitude`, `latitude`, `feature_class`, `feature_code`, `subadmin1_code`, `subadmin2_code`, `population`, `time_zone`, `active`, `created_at`, `updated_at`) VALUES ('CD','{\"en\":\"Matadi\"}',13.46,-5.84,'P','PPLA','CD.08','CD.08.01',180109,'Africa/Kinshasa',1,'2021-09-09 23:00:00','2021-09-09 23:00:00');
INSERT INTO `__PREFIX__cities` (`country_code`, `name`, `longitude`, `latitude`, `feature_class`, `feature_code`, `subadmin1_code`, `subadmin2_code`, `population`, `time_zone`, `active`, `created_at`, `updated_at`) VALUES ('CD','{\"en\":\"Mangai\"}',19.53,-4.02,'P','PPL','CD.20','CD.20.06',37188,'Africa/Kinshasa',1,'2021-09-08 23:00:00','2021-09-08 23:00:00');
INSERT INTO `__PREFIX__cities` (`country_code`, `name`, `longitude`, `latitude`, `feature_class`, `feature_code`, `subadmin1_code`, `subadmin2_code`, `population`, `time_zone`, `active`, `created_at`, `updated_at`) VALUES ('CD','{\"en\":\"Lukolela\"}',17.18,-1.06,'P','PPL','CD.02','CD.02.03',15000,'Africa/Kinshasa',1,'2021-09-09 23:00:00','2021-09-09 23:00:00');
INSERT INTO `__PREFIX__cities` (`country_code`, `name`, `longitude`, `latitude`, `feature_class`, `feature_code`, `subadmin1_code`, `subadmin2_code`, `population`, `time_zone`, `active`, `created_at`, `updated_at`) VALUES ('CD','{\"en\":\"Libenge\"}',18.64,3.65,'P','PPL','CD.28','CD.28.05',27053,'Africa/Kinshasa',1,'2021-09-09 23:00:00','2021-09-09 23:00:00');
INSERT INTO `__PREFIX__cities` (`country_code`, `name`, `longitude`, `latitude`, `feature_class`, `feature_code`, `subadmin1_code`, `subadmin2_code`, `population`, `time_zone`, `active`, `created_at`, `updated_at`) VALUES ('CD','{\"en\":\"Kinshasa\"}',15.31,-4.33,'P','PPLC','CD.06','CD.06.00',7785965,'Africa/Kinshasa',1,'2021-09-09 23:00:00','2021-09-09 23:00:00');
INSERT INTO `__PREFIX__cities` (`country_code`, `name`, `longitude`, `latitude`, `feature_class`, `feature_code`, `subadmin1_code`, `subadmin2_code`, `population`, `time_zone`, `active`, `created_at`, `updated_at`) VALUES ('CD','{\"en\":\"Kikwit\"}',18.82,-5.04,'P','PPL','CD.20','CD.20.03',186991,'Africa/Kinshasa',1,'2021-09-09 23:00:00','2021-09-09 23:00:00');
INSERT INTO `__PREFIX__cities` (`country_code`, `name`, `longitude`, `latitude`, `feature_class`, `feature_code`, `subadmin1_code`, `subadmin2_code`, `population`, `time_zone`, `active`, `created_at`, `updated_at`) VALUES ('CD','{\"en\":\"Kasongo-Lunda\"}',16.82,-6.48,'P','PPL','CD.19','CD.19.07',20060,'Africa/Kinshasa',1,'2021-09-09 23:00:00','2021-09-09 23:00:00');
INSERT INTO `__PREFIX__cities` (`country_code`, `name`, `longitude`, `latitude`, `feature_class`, `feature_code`, `subadmin1_code`, `subadmin2_code`, `population`, `time_zone`, `active`, `created_at`, `updated_at`) VALUES ('CD','{\"en\":\"Kasangulu\"}',15.17,-4.58,'P','PPL','CD.08','CD.08.15',27961,'Africa/Kinshasa',1,'2021-09-09 23:00:00','2021-09-09 23:00:00');
INSERT INTO `__PREFIX__cities` (`country_code`, `name`, `longitude`, `latitude`, `feature_class`, `feature_code`, `subadmin1_code`, `subadmin2_code`, `population`, `time_zone`, `active`, `created_at`, `updated_at`) VALUES ('CD','{\"en\":\"Inongo\"}',18.29,-1.93,'P','PPLA','CD.24','CD.24.02',40113,'Africa/Kinshasa',1,'2021-09-09 23:00:00','2021-09-09 23:00:00');
INSERT INTO `__PREFIX__cities` (`country_code`, `name`, `longitude`, `latitude`, `feature_class`, `feature_code`, `subadmin1_code`, `subadmin2_code`, `population`, `time_zone`, `active`, `created_at`, `updated_at`) VALUES ('CD','{\"en\":\"Gemena\"}',19.77,3.26,'P','PPLA','CD.28','CD.28.02',117639,'Africa/Kinshasa',1,'2021-10-05 23:00:00','2021-10-05 23:00:00');
INSERT INTO `__PREFIX__cities` (`country_code`, `name`, `longitude`, `latitude`, `feature_class`, `feature_code`, `subadmin1_code`, `subadmin2_code`, `population`, `time_zone`, `active`, `created_at`, `updated_at`) VALUES ('CD','{\"en\":\"Bulungu\"}',18.60,-4.54,'P','PPL','CD.20','CD.20.04',48344,'Africa/Kinshasa',1,'2021-09-09 23:00:00','2021-09-09 23:00:00');
INSERT INTO `__PREFIX__cities` (`country_code`, `name`, `longitude`, `latitude`, `feature_class`, `feature_code`, `subadmin1_code`, `subadmin2_code`, `population`, `time_zone`, `active`, `created_at`, `updated_at`) VALUES ('CD','{\"en\":\"Bosobolo\"}',19.88,4.19,'P','PPL','CD.26','CD.26.06',14553,'Africa/Kinshasa',1,'2021-09-09 23:00:00','2021-09-09 23:00:00');
INSERT INTO `__PREFIX__cities` (`country_code`, `name`, `longitude`, `latitude`, `feature_class`, `feature_code`, `subadmin1_code`, `subadmin2_code`, `population`, `time_zone`, `active`, `created_at`, `updated_at`) VALUES ('CD','{\"en\":\"Boma\"}',13.05,-5.85,'P','PPL','CD.08','CD.08.02',162521,'Africa/Kinshasa',1,'2021-09-09 23:00:00','2021-09-09 23:00:00');
INSERT INTO `__PREFIX__cities` (`country_code`, `name`, `longitude`, `latitude`, `feature_class`, `feature_code`, `subadmin1_code`, `subadmin2_code`, `population`, `time_zone`, `active`, `created_at`, `updated_at`) VALUES ('CD','{\"en\":\"Bolobo\"}',16.23,-2.16,'P','PPL','CD.24','CD.24.08',27862,'Africa/Kinshasa',1,'2021-09-09 23:00:00','2021-09-09 23:00:00');
INSERT INTO `__PREFIX__cities` (`country_code`, `name`, `longitude`, `latitude`, `feature_class`, `feature_code`, `subadmin1_code`, `subadmin2_code`, `population`, `time_zone`, `active`, `created_at`, `updated_at`) VALUES ('CD','{\"en\":\"Bandundu\"}',17.38,-3.32,'P','PPLA','CD.20','CD.20.01',118211,'Africa/Kinshasa',1,'2021-10-05 23:00:00','2021-10-05 23:00:00');
INSERT INTO `__PREFIX__cities` (`country_code`, `name`, `longitude`, `latitude`, `feature_class`, `feature_code`, `subadmin1_code`, `subadmin2_code`, `population`, `time_zone`, `active`, `created_at`, `updated_at`) VALUES ('CD','{\"en\":\"Masina\"}',15.39,-4.38,'P','PPL','CD.06','CD.06.00',485167,'Africa/Kinshasa',1,'2021-09-09 23:00:00','2021-09-09 23:00:00');
/*!40000 ALTER TABLE `__PREFIX__cities` ENABLE KEYS */;
/*!40103 SET TIME_ZONE=@OLD_TIME_ZONE */;

/*!40101 SET SQL_MODE=@OLD_SQL_MODE */;
/*!40014 SET FOREIGN_KEY_CHECKS=@OLD_FOREIGN_KEY_CHECKS */;
/*!40014 SET UNIQUE_CHECKS=@OLD_UNIQUE_CHECKS */;
/*!40101 SET CHARACTER_SET_CLIENT=@OLD_CHARACTER_SET_CLIENT */;
/*!40101 SET CHARACTER_SET_RESULTS=@OLD_CHARACTER_SET_RESULTS */;
/*!40101 SET COLLATION_CONNECTION=@OLD_COLLATION_CONNECTION */;
/*!40111 SET SQL_NOTES=@OLD_SQL_NOTES */;

-- Dump completed
