-- MySQL dump 10.13  Distrib 5.7.34, for osx10.12 (x86_64)
--
-- Host: 127.0.0.1    Database: laraclassifier
-- ------------------------------------------------------
-- Server version	5.7.34

/*!40101 SET @OLD_CHARACTER_SET_CLIENT=@@CHARACTER_SET_CLIENT */;
/*!40101 SET @OLD_CHARACTER_SET_RESULTS=@@CHARACTER_SET_RESULTS */;
/*!40101 SET @OLD_COLLATION_CONNECTION=@@COLLATION_CONNECTION */;
/*!40101 SET NAMES utf8 */;
/*!40103 SET @OLD_TIME_ZONE=@@TIME_ZONE */;
/*!40103 SET TIME_ZONE='+00:00' */;
/*!40014 SET @OLD_UNIQUE_CHECKS=@@UNIQUE_CHECKS, UNIQUE_CHECKS=0 */;
/*!40014 SET @OLD_FOREIGN_KEY_CHECKS=@@FOREIGN_KEY_CHECKS, FOREIGN_KEY_CHECKS=0 */;
/*!40101 SET @OLD_SQL_MODE=@@SQL_MODE, SQL_MODE='NO_AUTO_VALUE_ON_ZERO' */;
/*!40111 SET @OLD_SQL_NOTES=@@SQL_NOTES, SQL_NOTES=0 */;

--
-- Dumping data for table `__PREFIX__subadmin1`
--

/*!40000 ALTER TABLE `__PREFIX__subadmin1` DISABLE KEYS */;
INSERT INTO `__PREFIX__subadmin1` (`code`, `country_code`, `name`, `active`) VALUES ('MY.04','MY','{\"en\":\"Melaka\"}',1);
INSERT INTO `__PREFIX__subadmin1` (`code`, `country_code`, `name`, `active`) VALUES ('MY.13','MY','{\"en\":\"Terengganu\"}',1);
INSERT INTO `__PREFIX__subadmin1` (`code`, `country_code`, `name`, `active`) VALUES ('MY.12','MY','{\"en\":\"Selangor\"}',1);
INSERT INTO `__PREFIX__subadmin1` (`code`, `country_code`, `name`, `active`) VALUES ('MY.11','MY','{\"en\":\"Sarawak\"}',1);
INSERT INTO `__PREFIX__subadmin1` (`code`, `country_code`, `name`, `active`) VALUES ('MY.16','MY','{\"en\":\"Sabah\"}',1);
INSERT INTO `__PREFIX__subadmin1` (`code`, `country_code`, `name`, `active`) VALUES ('MY.08','MY','{\"en\":\"Perlis\"}',1);
INSERT INTO `__PREFIX__subadmin1` (`code`, `country_code`, `name`, `active`) VALUES ('MY.07','MY','{\"en\":\"Perak\"}',1);
INSERT INTO `__PREFIX__subadmin1` (`code`, `country_code`, `name`, `active`) VALUES ('MY.06','MY','{\"en\":\"Pahang\"}',1);
INSERT INTO `__PREFIX__subadmin1` (`code`, `country_code`, `name`, `active`) VALUES ('MY.05','MY','{\"en\":\"Negeri Sembilan\"}',1);
INSERT INTO `__PREFIX__subadmin1` (`code`, `country_code`, `name`, `active`) VALUES ('MY.03','MY','{\"en\":\"Kelantan\"}',1);
INSERT INTO `__PREFIX__subadmin1` (`code`, `country_code`, `name`, `active`) VALUES ('MY.14','MY','{\"en\":\"Kuala Lumpur\"}',1);
INSERT INTO `__PREFIX__subadmin1` (`code`, `country_code`, `name`, `active`) VALUES ('MY.09','MY','{\"en\":\"Penang\"}',1);
INSERT INTO `__PREFIX__subadmin1` (`code`, `country_code`, `name`, `active`) VALUES ('MY.02','MY','{\"en\":\"Kedah\"}',1);
INSERT INTO `__PREFIX__subadmin1` (`code`, `country_code`, `name`, `active`) VALUES ('MY.01','MY','{\"en\":\"Johor\"}',1);
INSERT INTO `__PREFIX__subadmin1` (`code`, `country_code`, `name`, `active`) VALUES ('MY.15','MY','{\"en\":\"Labuan\"}',1);
INSERT INTO `__PREFIX__subadmin1` (`code`, `country_code`, `name`, `active`) VALUES ('MY.17','MY','{\"en\":\"Putrajaya\"}',1);
/*!40000 ALTER TABLE `__PREFIX__subadmin1` ENABLE KEYS */;

--
-- Dumping data for table `__PREFIX__subadmin2`
--

/*!40000 ALTER TABLE `__PREFIX__subadmin2` DISABLE KEYS */;
INSERT INTO `__PREFIX__subadmin2` (`code`, `country_code`, `subadmin1_code`, `name`, `active`) VALUES ('MY.02.0207','MY','MY.02','{\"en\":\"Langkawi\"}',1);
INSERT INTO `__PREFIX__subadmin2` (`code`, `country_code`, `subadmin1_code`, `name`, `active`) VALUES ('MY.06.0811','MY','MY.06','{\"en\":\"Temerluh\"}',1);
INSERT INTO `__PREFIX__subadmin2` (`code`, `country_code`, `subadmin1_code`, `name`, `active`) VALUES ('MY.01.0101','MY','MY.01','{\"en\":\"Daerah Batu Pahat\"}',1);
INSERT INTO `__PREFIX__subadmin2` (`code`, `country_code`, `subadmin1_code`, `name`, `active`) VALUES ('MY.01.0109','MY','MY.01','{\"en\":\"Daerah Pontian\"}',1);
INSERT INTO `__PREFIX__subadmin2` (`code`, `country_code`, `subadmin1_code`, `name`, `active`) VALUES ('MY.01.0104','MY','MY.01','{\"en\":\"Daerah Kota Tinggi\"}',1);
INSERT INTO `__PREFIX__subadmin2` (`code`, `country_code`, `subadmin1_code`, `name`, `active`) VALUES ('MY.01.0102','MY','MY.01','{\"en\":\"Daerah Johor Baharu\"}',1);
INSERT INTO `__PREFIX__subadmin2` (`code`, `country_code`, `subadmin1_code`, `name`, `active`) VALUES ('MY.01.0103','MY','MY.01','{\"en\":\"Daerah Keluang\"}',1);
INSERT INTO `__PREFIX__subadmin2` (`code`, `country_code`, `subadmin1_code`, `name`, `active`) VALUES ('MY.01.0107','MY','MY.01','{\"en\":\"Daerah Mersing\"}',1);
INSERT INTO `__PREFIX__subadmin2` (`code`, `country_code`, `subadmin1_code`, `name`, `active`) VALUES ('MY.01.0110','MY','MY.01','{\"en\":\"Daerah Segamat\"}',1);
INSERT INTO `__PREFIX__subadmin2` (`code`, `country_code`, `subadmin1_code`, `name`, `active`) VALUES ('MY.01.0108','MY','MY.01','{\"en\":\"Daerah Muar\"}',1);
INSERT INTO `__PREFIX__subadmin2` (`code`, `country_code`, `subadmin1_code`, `name`, `active`) VALUES ('MY.12.1706','MY','MY.12','{\"en\":\"Kuala Selangor\"}',1);
INSERT INTO `__PREFIX__subadmin2` (`code`, `country_code`, `subadmin1_code`, `name`, `active`) VALUES ('MY.12.1704','MY','MY.12','{\"en\":\"Klang\"}',1);
INSERT INTO `__PREFIX__subadmin2` (`code`, `country_code`, `subadmin1_code`, `name`, `active`) VALUES ('MY.16.1208','MY','MY.16','{\"en\":\"Kuala Penyu\"}',1);
INSERT INTO `__PREFIX__subadmin2` (`code`, `country_code`, `subadmin1_code`, `name`, `active`) VALUES ('MY.16.1213','MY','MY.16','{\"en\":\"Papar\"}',1);
INSERT INTO `__PREFIX__subadmin2` (`code`, `country_code`, `subadmin1_code`, `name`, `active`) VALUES ('MY.16.1214','MY','MY.16','{\"en\":\"Penampang\"}',1);
INSERT INTO `__PREFIX__subadmin2` (`code`, `country_code`, `subadmin1_code`, `name`, `active`) VALUES ('MY.16.1221','MY','MY.16','{\"en\":\"Tambunan\"}',1);
INSERT INTO `__PREFIX__subadmin2` (`code`, `country_code`, `subadmin1_code`, `name`, `active`) VALUES ('MY.16.1217','MY','MY.16','{\"en\":\"Ranau\"}',1);
INSERT INTO `__PREFIX__subadmin2` (`code`, `country_code`, `subadmin1_code`, `name`, `active`) VALUES ('MY.16.1218','MY','MY.16','{\"en\":\"Bahagian Sandakan\"}',1);
INSERT INTO `__PREFIX__subadmin2` (`code`, `country_code`, `subadmin1_code`, `name`, `active`) VALUES ('MY.16.1222','MY','MY.16','{\"en\":\"Bahagian Tawau\"}',1);
INSERT INTO `__PREFIX__subadmin2` (`code`, `country_code`, `subadmin1_code`, `name`, `active`) VALUES ('MY.16.1219','MY','MY.16','{\"en\":\"Semporna\"}',1);
INSERT INTO `__PREFIX__subadmin2` (`code`, `country_code`, `subadmin1_code`, `name`, `active`) VALUES ('MY.16.1203','MY','MY.16','{\"en\":\"Keningau\"}',1);
INSERT INTO `__PREFIX__subadmin2` (`code`, `country_code`, `subadmin1_code`, `name`, `active`) VALUES ('MY.16.1220','MY','MY.16','{\"en\":\"Sipitang\"}',1);
INSERT INTO `__PREFIX__subadmin2` (`code`, `country_code`, `subadmin1_code`, `name`, `active`) VALUES ('MY.16.1223','MY','MY.16','{\"en\":\"Tenom District\"}',1);
INSERT INTO `__PREFIX__subadmin2` (`code`, `country_code`, `subadmin1_code`, `name`, `active`) VALUES ('MY.16.1201','MY','MY.16','{\"en\":\"Beaufort\"}',1);
INSERT INTO `__PREFIX__subadmin2` (`code`, `country_code`, `subadmin1_code`, `name`, `active`) VALUES ('MY.02.0206','MY','MY.02','{\"en\":\"Kulim\"}',1);
INSERT INTO `__PREFIX__subadmin2` (`code`, `country_code`, `subadmin1_code`, `name`, `active`) VALUES ('MY.07.0908','MY','MY.07','{\"en\":\"Larut Matang & Selama\"}',1);
INSERT INTO `__PREFIX__subadmin2` (`code`, `country_code`, `subadmin1_code`, `name`, `active`) VALUES ('MY.02.0202','MY','MY.02','{\"en\":\"Bandar Baharu\"}',1);
INSERT INTO `__PREFIX__subadmin2` (`code`, `country_code`, `subadmin1_code`, `name`, `active`) VALUES ('MY.02.0201','MY','MY.02','{\"en\":\"Baling\"}',1);
INSERT INTO `__PREFIX__subadmin2` (`code`, `country_code`, `subadmin1_code`, `name`, `active`) VALUES ('MY.03.0309','MY','MY.03','{\"en\":\"Tanah Merah\"}',1);
INSERT INTO `__PREFIX__subadmin2` (`code`, `country_code`, `subadmin1_code`, `name`, `active`) VALUES ('MY.11.1302','MY','MY.11','{\"en\":\"Bau\"}',1);
INSERT INTO `__PREFIX__subadmin2` (`code`, `country_code`, `subadmin1_code`, `name`, `active`) VALUES ('MY.11.1311','MY','MY.11','{\"en\":\"Bahagian Kuching\"}',1);
INSERT INTO `__PREFIX__subadmin2` (`code`, `country_code`, `subadmin1_code`, `name`, `active`) VALUES ('MY.07.0907','MY','MY.07','{\"en\":\"Daerah Kuala Kangsar\"}',1);
INSERT INTO `__PREFIX__subadmin2` (`code`, `country_code`, `subadmin1_code`, `name`, `active`) VALUES ('MY.07.0906','MY','MY.07','{\"en\":\"Daerah Kinta\"}',1);
INSERT INTO `__PREFIX__subadmin2` (`code`, `country_code`, `subadmin1_code`, `name`, `active`) VALUES ('MY.12.1705','MY','MY.12','{\"en\":\"Kuala Langat\"}',1);
INSERT INTO `__PREFIX__subadmin2` (`code`, `country_code`, `subadmin1_code`, `name`, `active`) VALUES ('MY.12.1709','MY','MY.12','{\"en\":\"Sepang\"}',1);
INSERT INTO `__PREFIX__subadmin2` (`code`, `country_code`, `subadmin1_code`, `name`, `active`) VALUES ('MY.06.0810','MY','MY.06','{\"en\":\"Daerha Rompin\"}',1);
INSERT INTO `__PREFIX__subadmin2` (`code`, `country_code`, `subadmin1_code`, `name`, `active`) VALUES ('MY.06.0802','MY','MY.06','{\"en\":\"Bera\"}',1);
INSERT INTO `__PREFIX__subadmin2` (`code`, `country_code`, `subadmin1_code`, `name`, `active`) VALUES ('MY.09.1102','MY','MY.09','{\"en\":\"Seberang Perai Selatan\"}',1);
INSERT INTO `__PREFIX__subadmin2` (`code`, `country_code`, `subadmin1_code`, `name`, `active`) VALUES ('MY.09.1105','MY','MY.09','{\"en\":\"Daerah Timur Laut\"}',1);
INSERT INTO `__PREFIX__subadmin2` (`code`, `country_code`, `subadmin1_code`, `name`, `active`) VALUES ('MY.12.1701','MY','MY.12','{\"en\":\"Gombak\"}',1);
INSERT INTO `__PREFIX__subadmin2` (`code`, `country_code`, `subadmin1_code`, `name`, `active`) VALUES ('MY.12.1703','MY','MY.12','{\"en\":\"Hulu Selangor\"}',1);
INSERT INTO `__PREFIX__subadmin2` (`code`, `country_code`, `subadmin1_code`, `name`, `active`) VALUES ('MY.12.1707','MY','MY.12','{\"en\":\"Petaling\"}',1);
INSERT INTO `__PREFIX__subadmin2` (`code`, `country_code`, `subadmin1_code`, `name`, `active`) VALUES ('MY.12.1702','MY','MY.12','{\"en\":\"Hulu Langat\"}',1);
INSERT INTO `__PREFIX__subadmin2` (`code`, `country_code`, `subadmin1_code`, `name`, `active`) VALUES ('MY.12.1708','MY','MY.12','{\"en\":\"Sabak Bernam\"}',1);
INSERT INTO `__PREFIX__subadmin2` (`code`, `country_code`, `subadmin1_code`, `name`, `active`) VALUES ('MY.06.0804','MY','MY.06','{\"en\":\"Daerah Jerantut\"}',1);
INSERT INTO `__PREFIX__subadmin2` (`code`, `country_code`, `subadmin1_code`, `name`, `active`) VALUES ('MY.06.0803','MY','MY.06','{\"en\":\"Cameron Highlands\"}',1);
INSERT INTO `__PREFIX__subadmin2` (`code`, `country_code`, `subadmin1_code`, `name`, `active`) VALUES ('MY.11.1320','MY','MY.11','{\"en\":\"Mukah\"}',1);
INSERT INTO `__PREFIX__subadmin2` (`code`, `country_code`, `subadmin1_code`, `name`, `active`) VALUES ('MY.02.0212','MY','MY.02','{\"en\":\"Yan\"}',1);
INSERT INTO `__PREFIX__subadmin2` (`code`, `country_code`, `subadmin1_code`, `name`, `active`) VALUES ('MY.11.1326','MY','MY.11','{\"en\":\"Serian\"}',1);
INSERT INTO `__PREFIX__subadmin2` (`code`, `country_code`, `subadmin1_code`, `name`, `active`) VALUES ('MY.11.1324','MY','MY.11','{\"en\":\"Bahagian Sarikei\"}',1);
INSERT INTO `__PREFIX__subadmin2` (`code`, `country_code`, `subadmin1_code`, `name`, `active`) VALUES ('MY.11.1309','MY','MY.11','{\"en\":\"Kanowit\"}',1);
INSERT INTO `__PREFIX__subadmin2` (`code`, `country_code`, `subadmin1_code`, `name`, `active`) VALUES ('MY.02.0205','MY','MY.02','{\"en\":\"Kubang Pasu\"}',1);
INSERT INTO `__PREFIX__subadmin2` (`code`, `country_code`, `subadmin1_code`, `name`, `active`) VALUES ('MY.02.0208','MY','MY.02','{\"en\":\"Padang Terap\"}',1);
INSERT INTO `__PREFIX__subadmin2` (`code`, `country_code`, `subadmin1_code`, `name`, `active`) VALUES ('MY.02.0209','MY','MY.02','{\"en\":\"Pendang\"}',1);
INSERT INTO `__PREFIX__subadmin2` (`code`, `country_code`, `subadmin1_code`, `name`, `active`) VALUES ('MY.02.0203','MY','MY.02','{\"en\":\"Daerah Kota Setar\"}',1);
INSERT INTO `__PREFIX__subadmin2` (`code`, `country_code`, `subadmin1_code`, `name`, `active`) VALUES ('MY.03.0304','MY','MY.03','{\"en\":\"Kota Bharu\"}',1);
INSERT INTO `__PREFIX__subadmin2` (`code`, `country_code`, `subadmin1_code`, `name`, `active`) VALUES ('MY.16.1206','MY','MY.16','{\"en\":\"Kota Kinabalu\"}',1);
INSERT INTO `__PREFIX__subadmin2` (`code`, `country_code`, `subadmin1_code`, `name`, `active`) VALUES ('MY.16.1225','MY','MY.16','{\"en\":\"Tuaran\"}',1);
INSERT INTO `__PREFIX__subadmin2` (`code`, `country_code`, `subadmin1_code`, `name`, `active`) VALUES ('MY.11.1315','MY','MY.11','{\"en\":\"Lundu\"}',1);
INSERT INTO `__PREFIX__subadmin2` (`code`, `country_code`, `subadmin1_code`, `name`, `active`) VALUES ('MY.11.1304','MY','MY.11','{\"en\":\"Betong\"}',1);
INSERT INTO `__PREFIX__subadmin2` (`code`, `country_code`, `subadmin1_code`, `name`, `active`) VALUES ('MY.11.1323','MY','MY.11','{\"en\":\"Saratok\"}',1);
INSERT INTO `__PREFIX__subadmin2` (`code`, `country_code`, `subadmin1_code`, `name`, `active`) VALUES ('MY.11.1314','MY','MY.11','{\"en\":\"Lubok Antu\"}',1);
INSERT INTO `__PREFIX__subadmin2` (`code`, `country_code`, `subadmin1_code`, `name`, `active`) VALUES ('MY.11.1330','MY','MY.11','{\"en\":\"Bahagian Sri Aman\"}',1);
INSERT INTO `__PREFIX__subadmin2` (`code`, `country_code`, `subadmin1_code`, `name`, `active`) VALUES ('MY.11.1327','MY','MY.11','{\"en\":\"Bahagian Sibu\"}',1);
INSERT INTO `__PREFIX__subadmin2` (`code`, `country_code`, `subadmin1_code`, `name`, `active`) VALUES ('MY.11.1329','MY','MY.11','{\"en\":\"Song\"}',1);
INSERT INTO `__PREFIX__subadmin2` (`code`, `country_code`, `subadmin1_code`, `name`, `active`) VALUES ('MY.11.1312','MY','MY.11','{\"en\":\"Lawas\"}',1);
INSERT INTO `__PREFIX__subadmin2` (`code`, `country_code`, `subadmin1_code`, `name`, `active`) VALUES ('MY.11.1313','MY','MY.11','{\"en\":\"Bahagian Limbang\"}',1);
INSERT INTO `__PREFIX__subadmin2` (`code`, `country_code`, `subadmin1_code`, `name`, `active`) VALUES ('MY.11.1303','MY','MY.11','{\"en\":\"Belaga\"}',1);
INSERT INTO `__PREFIX__subadmin2` (`code`, `country_code`, `subadmin1_code`, `name`, `active`) VALUES ('MY.11.1310','MY','MY.11','{\"en\":\"Bahagian Kapit\"}',1);
INSERT INTO `__PREFIX__subadmin2` (`code`, `country_code`, `subadmin1_code`, `name`, `active`) VALUES ('MY.11.1331','MY','MY.11','{\"en\":\"Tatau\"}',1);
INSERT INTO `__PREFIX__subadmin2` (`code`, `country_code`, `subadmin1_code`, `name`, `active`) VALUES ('MY.11.1316','MY','MY.11','{\"en\":\"Marudi\"}',1);
INSERT INTO `__PREFIX__subadmin2` (`code`, `country_code`, `subadmin1_code`, `name`, `active`) VALUES ('MY.11.1319','MY','MY.11','{\"en\":\"Bahagian Miri\"}',1);
INSERT INTO `__PREFIX__subadmin2` (`code`, `country_code`, `subadmin1_code`, `name`, `active`) VALUES ('MY.16.1209','MY','MY.16','{\"en\":\"Bahagian Kudat\"}',1);
INSERT INTO `__PREFIX__subadmin2` (`code`, `country_code`, `subadmin1_code`, `name`, `active`) VALUES ('MY.11.1305','MY','MY.11','{\"en\":\"Bahagian Bintulu\"}',1);
INSERT INTO `__PREFIX__subadmin2` (`code`, `country_code`, `subadmin1_code`, `name`, `active`) VALUES ('MY.11.1322','MY','MY.11','{\"en\":\"Bahagian Samarahan\"}',1);
INSERT INTO `__PREFIX__subadmin2` (`code`, `country_code`, `subadmin1_code`, `name`, `active`) VALUES ('MY.16.1205','MY','MY.16','{\"en\":\"Kota Belud\"}',1);
INSERT INTO `__PREFIX__subadmin2` (`code`, `country_code`, `subadmin1_code`, `name`, `active`) VALUES ('MY.16.1215','MY','MY.16','{\"en\":\"Pitas\"}',1);
INSERT INTO `__PREFIX__subadmin2` (`code`, `country_code`, `subadmin1_code`, `name`, `active`) VALUES ('MY.16.1207','MY','MY.16','{\"en\":\"Kota Marudu\"}',1);
INSERT INTO `__PREFIX__subadmin2` (`code`, `country_code`, `subadmin1_code`, `name`, `active`) VALUES ('MY.16.1204','MY','MY.16','{\"en\":\"Kinabatangan\"}',1);
INSERT INTO `__PREFIX__subadmin2` (`code`, `country_code`, `subadmin1_code`, `name`, `active`) VALUES ('MY.16.1211','MY','MY.16','{\"en\":\"Lahad Datu\"}',1);
INSERT INTO `__PREFIX__subadmin2` (`code`, `country_code`, `subadmin1_code`, `name`, `active`) VALUES ('MY.16.1210','MY','MY.16','{\"en\":\"Kunak\"}',1);
INSERT INTO `__PREFIX__subadmin2` (`code`, `country_code`, `subadmin1_code`, `name`, `active`) VALUES ('MY.02.0211','MY','MY.02','{\"en\":\"Sik\"}',1);
INSERT INTO `__PREFIX__subadmin2` (`code`, `country_code`, `subadmin1_code`, `name`, `active`) VALUES ('MY.02.0204','MY','MY.02','{\"en\":\"Kuala Muda\"}',1);
INSERT INTO `__PREFIX__subadmin2` (`code`, `country_code`, `subadmin1_code`, `name`, `active`) VALUES ('MY.09.1104','MY','MY.09','{\"en\":\"Utara\"}',1);
INSERT INTO `__PREFIX__subadmin2` (`code`, `country_code`, `subadmin1_code`, `name`, `active`) VALUES ('MY.09.1101','MY','MY.09','{\"en\":\"Barat Daya\"}',1);
INSERT INTO `__PREFIX__subadmin2` (`code`, `country_code`, `subadmin1_code`, `name`, `active`) VALUES ('MY.03.0303','MY','MY.03','{\"en\":\"Jeli\"}',1);
INSERT INTO `__PREFIX__subadmin2` (`code`, `country_code`, `subadmin1_code`, `name`, `active`) VALUES ('MY.03.0307','MY','MY.03','{\"en\":\"Pasir Mas\"}',1);
INSERT INTO `__PREFIX__subadmin2` (`code`, `country_code`, `subadmin1_code`, `name`, `active`) VALUES ('MY.03.0310','MY','MY.03','{\"en\":\"Tumpat\"}',1);
INSERT INTO `__PREFIX__subadmin2` (`code`, `country_code`, `subadmin1_code`, `name`, `active`) VALUES ('MY.03.0305','MY','MY.03','{\"en\":\"Kuala Krai\"}',1);
INSERT INTO `__PREFIX__subadmin2` (`code`, `country_code`, `subadmin1_code`, `name`, `active`) VALUES ('MY.13.1507','MY','MY.13','{\"en\":\"Setiu\"}',1);
INSERT INTO `__PREFIX__subadmin2` (`code`, `country_code`, `subadmin1_code`, `name`, `active`) VALUES ('MY.13.1501','MY','MY.13','{\"en\":\"Besut\"}',1);
INSERT INTO `__PREFIX__subadmin2` (`code`, `country_code`, `subadmin1_code`, `name`, `active`) VALUES ('MY.11.1325','MY','MY.11','{\"en\":\"Selangau\"}',1);
INSERT INTO `__PREFIX__subadmin2` (`code`, `country_code`, `subadmin1_code`, `name`, `active`) VALUES ('MY.16.1202','MY','MY.16','{\"en\":\"Beluran\"}',1);
INSERT INTO `__PREFIX__subadmin2` (`code`, `country_code`, `subadmin1_code`, `name`, `active`) VALUES ('MY.03.0301','MY','MY.03','{\"en\":\"Bachok\"}',1);
INSERT INTO `__PREFIX__subadmin2` (`code`, `country_code`, `subadmin1_code`, `name`, `active`) VALUES ('MY.07.0901','MY','MY.07','{\"en\":\"Batang Padang\"}',1);
INSERT INTO `__PREFIX__subadmin2` (`code`, `country_code`, `subadmin1_code`, `name`, `active`) VALUES ('MY.11.1307','MY','MY.11','{\"en\":\"Daro\"}',1);
INSERT INTO `__PREFIX__subadmin2` (`code`, `country_code`, `subadmin1_code`, `name`, `active`) VALUES ('MY.04.0601','MY','MY.04','{\"en\":\"Alor Gajah\"}',1);
INSERT INTO `__PREFIX__subadmin2` (`code`, `country_code`, `subadmin1_code`, `name`, `active`) VALUES ('MY.11.1301','MY','MY.11','{\"en\":\"Asajaya\"}',1);
INSERT INTO `__PREFIX__subadmin2` (`code`, `country_code`, `subadmin1_code`, `name`, `active`) VALUES ('MY.13.1504','MY','MY.13','{\"en\":\"Kemaman\"}',1);
INSERT INTO `__PREFIX__subadmin2` (`code`, `country_code`, `subadmin1_code`, `name`, `active`) VALUES ('MY.06.0801','MY','MY.06','{\"en\":\"Bentong\"}',1);
INSERT INTO `__PREFIX__subadmin2` (`code`, `country_code`, `subadmin1_code`, `name`, `active`) VALUES ('MY.13.1505','MY','MY.13','{\"en\":\"Kuala Terengganu\"}',1);
INSERT INTO `__PREFIX__subadmin2` (`code`, `country_code`, `subadmin1_code`, `name`, `active`) VALUES ('MY.06.0805','MY','MY.06','{\"en\":\"Kuantan\"}',1);
INSERT INTO `__PREFIX__subadmin2` (`code`, `country_code`, `subadmin1_code`, `name`, `active`) VALUES ('MY.01.0105','MY','MY.01','{\"en\":\"Kulaijaya\"}',1);
INSERT INTO `__PREFIX__subadmin2` (`code`, `country_code`, `subadmin1_code`, `name`, `active`) VALUES ('MY.11.1306','MY','MY.11','{\"en\":\"Dalat\"}',1);
INSERT INTO `__PREFIX__subadmin2` (`code`, `country_code`, `subadmin1_code`, `name`, `active`) VALUES ('MY.13.1503','MY','MY.13','{\"en\":\"Hulu Terengganu\"}',1);
INSERT INTO `__PREFIX__subadmin2` (`code`, `country_code`, `subadmin1_code`, `name`, `active`) VALUES ('MY.05.0701','MY','MY.05','{\"en\":\"Jelebu\"}',1);
INSERT INTO `__PREFIX__subadmin2` (`code`, `country_code`, `subadmin1_code`, `name`, `active`) VALUES ('MY.05.0702','MY','MY.05','{\"en\":\"Jempol\"}',1);
INSERT INTO `__PREFIX__subadmin2` (`code`, `country_code`, `subadmin1_code`, `name`, `active`) VALUES ('MY.06.0809','MY','MY.06','{\"en\":\"Raub\"}',1);
INSERT INTO `__PREFIX__subadmin2` (`code`, `country_code`, `subadmin1_code`, `name`, `active`) VALUES ('MY.11.1318','MY','MY.11','{\"en\":\"Meradong\"}',1);
INSERT INTO `__PREFIX__subadmin2` (`code`, `country_code`, `subadmin1_code`, `name`, `active`) VALUES ('MY.07.0904','MY','MY.07','{\"en\":\"Kampar\"}',1);
INSERT INTO `__PREFIX__subadmin2` (`code`, `country_code`, `subadmin1_code`, `name`, `active`) VALUES ('MY.13.1506','MY','MY.13','{\"en\":\"Marang\"}',1);
INSERT INTO `__PREFIX__subadmin2` (`code`, `country_code`, `subadmin1_code`, `name`, `active`) VALUES ('MY.11.1317','MY','MY.11','{\"en\":\"Matu\"}',1);
INSERT INTO `__PREFIX__subadmin2` (`code`, `country_code`, `subadmin1_code`, `name`, `active`) VALUES ('MY.04.0603','MY','MY.04','{\"en\":\"Melaka Tengah\"}',1);
INSERT INTO `__PREFIX__subadmin2` (`code`, `country_code`, `subadmin1_code`, `name`, `active`) VALUES ('MY.06.0808','MY','MY.06','{\"en\":\"Pekan\"}',1);
INSERT INTO `__PREFIX__subadmin2` (`code`, `country_code`, `subadmin1_code`, `name`, `active`) VALUES ('MY.07.0910','MY','MY.07','{\"en\":\"Perak Tengah\"}',1);
INSERT INTO `__PREFIX__subadmin2` (`code`, `country_code`, `subadmin1_code`, `name`, `active`) VALUES ('MY.08.1001','MY','MY.08','{\"en\":\"Perlis\"}',1);
INSERT INTO `__PREFIX__subadmin2` (`code`, `country_code`, `subadmin1_code`, `name`, `active`) VALUES ('MY.01.0106','MY','MY.01','{\"en\":\"Ledang\"}',1);
INSERT INTO `__PREFIX__subadmin2` (`code`, `country_code`, `subadmin1_code`, `name`, `active`) VALUES ('MY.11.1328','MY','MY.11','{\"en\":\"Simunjan\"}',1);
INSERT INTO `__PREFIX__subadmin2` (`code`, `country_code`, `subadmin1_code`, `name`, `active`) VALUES ('MY.14.0401','MY','MY.14','{\"en\":\"WP. Kuala Lumpur\"}',1);
INSERT INTO `__PREFIX__subadmin2` (`code`, `country_code`, `subadmin1_code`, `name`, `active`) VALUES ('MY.02.0210','MY','MY.02','{\"en\":\"Pokok Sena\"}',1);
INSERT INTO `__PREFIX__subadmin2` (`code`, `country_code`, `subadmin1_code`, `name`, `active`) VALUES ('MY.06.0806','MY','MY.06','{\"en\":\"Lipis\"}',1);
INSERT INTO `__PREFIX__subadmin2` (`code`, `country_code`, `subadmin1_code`, `name`, `active`) VALUES ('MY.07.0903','MY','MY.07','{\"en\":\"Ulu Perak\"}',1);
INSERT INTO `__PREFIX__subadmin2` (`code`, `country_code`, `subadmin1_code`, `name`, `active`) VALUES ('MY.05.0707','MY','MY.05','{\"en\":\"Tampin\"}',1);
INSERT INTO `__PREFIX__subadmin2` (`code`, `country_code`, `subadmin1_code`, `name`, `active`) VALUES ('MY.17.1601','MY','MY.17','{\"en\":\"W.P. Putrajaya\"}',1);
INSERT INTO `__PREFIX__subadmin2` (`code`, `country_code`, `subadmin1_code`, `name`, `active`) VALUES ('MY.05.0705','MY','MY.05','{\"en\":\"Rembau\"}',1);
INSERT INTO `__PREFIX__subadmin2` (`code`, `country_code`, `subadmin1_code`, `name`, `active`) VALUES ('MY.03.0306','MY','MY.03','{\"en\":\"Machang\"}',1);
INSERT INTO `__PREFIX__subadmin2` (`code`, `country_code`, `subadmin1_code`, `name`, `active`) VALUES ('MY.15.0501','MY','MY.15','{\"en\":\"W.P. Labuan\"}',1);
INSERT INTO `__PREFIX__subadmin2` (`code`, `country_code`, `subadmin1_code`, `name`, `active`) VALUES ('MY.06.0807','MY','MY.06','{\"en\":\"Maran\"}',1);
INSERT INTO `__PREFIX__subadmin2` (`code`, `country_code`, `subadmin1_code`, `name`, `active`) VALUES ('MY.11.1321','MY','MY.11','{\"en\":\"Pakan\"}',1);
INSERT INTO `__PREFIX__subadmin2` (`code`, `country_code`, `subadmin1_code`, `name`, `active`) VALUES ('MY.03.0308','MY','MY.03','{\"en\":\"Pasir Puteh\"}',1);
INSERT INTO `__PREFIX__subadmin2` (`code`, `country_code`, `subadmin1_code`, `name`, `active`) VALUES ('MY.16.1216','MY','MY.16','{\"en\":\"Putatan\"}',1);
INSERT INTO `__PREFIX__subadmin2` (`code`, `country_code`, `subadmin1_code`, `name`, `active`) VALUES ('MY.09.1103','MY','MY.09','{\"en\":\"S.P. Tengah\"}',1);
INSERT INTO `__PREFIX__subadmin2` (`code`, `country_code`, `subadmin1_code`, `name`, `active`) VALUES ('MY.05.0706','MY','MY.05','{\"en\":\"Seremban\"}',1);
INSERT INTO `__PREFIX__subadmin2` (`code`, `country_code`, `subadmin1_code`, `name`, `active`) VALUES ('MY.11.1308','MY','MY.11','{\"en\":\"Julau\"}',1);
INSERT INTO `__PREFIX__subadmin2` (`code`, `country_code`, `subadmin1_code`, `name`, `active`) VALUES ('MY.07.0905','MY','MY.07','{\"en\":\"Kerian\"}',1);
INSERT INTO `__PREFIX__subadmin2` (`code`, `country_code`, `subadmin1_code`, `name`, `active`) VALUES ('MY.04.0602','MY','MY.04','{\"en\":\"Jasin\"}',1);
INSERT INTO `__PREFIX__subadmin2` (`code`, `country_code`, `subadmin1_code`, `name`, `active`) VALUES ('MY.16.1224','MY','MY.16','{\"en\":\"Tongod\"}',1);
INSERT INTO `__PREFIX__subadmin2` (`code`, `country_code`, `subadmin1_code`, `name`, `active`) VALUES ('MY.05.0703','MY','MY.05','{\"en\":\"Kuala Pilah\"}',1);
INSERT INTO `__PREFIX__subadmin2` (`code`, `country_code`, `subadmin1_code`, `name`, `active`) VALUES ('MY.13.1502','MY','MY.13','{\"en\":\"Dungun\"}',1);
INSERT INTO `__PREFIX__subadmin2` (`code`, `country_code`, `subadmin1_code`, `name`, `active`) VALUES ('MY.03.0302','MY','MY.03','{\"en\":\"Gua Musang\"}',1);
INSERT INTO `__PREFIX__subadmin2` (`code`, `country_code`, `subadmin1_code`, `name`, `active`) VALUES ('MY.07.0902','MY','MY.07','{\"en\":\"Hilir Perak\"}',1);
INSERT INTO `__PREFIX__subadmin2` (`code`, `country_code`, `subadmin1_code`, `name`, `active`) VALUES ('MY.07.0909','MY','MY.07','{\"en\":\"Manjung (Dinding)\"}',1);
INSERT INTO `__PREFIX__subadmin2` (`code`, `country_code`, `subadmin1_code`, `name`, `active`) VALUES ('MY.16.1212','MY','MY.16','{\"en\":\"Nabawan\"}',1);
INSERT INTO `__PREFIX__subadmin2` (`code`, `country_code`, `subadmin1_code`, `name`, `active`) VALUES ('MY.05.0704','MY','MY.05','{\"en\":\"Port Dickson\"}',1);
/*!40000 ALTER TABLE `__PREFIX__subadmin2` ENABLE KEYS */;

--
-- Dumping data for table `__PREFIX__cities`
--

/*!40000 ALTER TABLE `__PREFIX__cities` DISABLE KEYS */;
INSERT INTO `__PREFIX__cities` (`country_code`, `name`, `longitude`, `latitude`, `feature_class`, `feature_code`, `subadmin1_code`, `subadmin2_code`, `population`, `time_zone`, `active`, `created_at`, `updated_at`) VALUES ('MY','{\"en\":\"Padang Mat Sirat\"}',99.73,6.35,'P','PPL','MY.02','MY.02.0207',10000,'Asia/Kuala_Lumpur',1,'2021-04-16 23:00:00','2021-04-16 23:00:00');
INSERT INTO `__PREFIX__cities` (`country_code`, `name`, `longitude`, `latitude`, `feature_class`, `feature_code`, `subadmin1_code`, `subadmin2_code`, `population`, `time_zone`, `active`, `created_at`, `updated_at`) VALUES ('MY','{\"en\":\"Ayer Hangat\"}',99.82,6.42,'P','PPL','MY.02','MY.02.0207',10000,'Asia/Kuala_Lumpur',1,'2021-04-16 23:00:00','2021-04-16 23:00:00');
INSERT INTO `__PREFIX__cities` (`country_code`, `name`, `longitude`, `latitude`, `feature_class`, `feature_code`, `subadmin1_code`, `subadmin2_code`, `population`, `time_zone`, `active`, `created_at`, `updated_at`) VALUES ('MY','{\"en\":\"Kuah\"}',99.84,6.33,'P','PPLA2','MY.02','MY.02.0207',30212,'Asia/Kuala_Lumpur',1,'2021-04-19 23:00:00','2021-04-19 23:00:00');
INSERT INTO `__PREFIX__cities` (`country_code`, `name`, `longitude`, `latitude`, `feature_class`, `feature_code`, `subadmin1_code`, `subadmin2_code`, `population`, `time_zone`, `active`, `created_at`, `updated_at`) VALUES ('MY','{\"en\":\"Jerantut\"}',102.36,3.94,'P','PPL','MY.06','MY.06.0804',33606,'Asia/Kuala_Lumpur',1,'2021-04-16 23:00:00','2021-04-16 23:00:00');
INSERT INTO `__PREFIX__cities` (`country_code`, `name`, `longitude`, `latitude`, `feature_class`, `feature_code`, `subadmin1_code`, `subadmin2_code`, `population`, `time_zone`, `active`, `created_at`, `updated_at`) VALUES ('MY','{\"en\":\"Raub\"}',101.86,3.79,'P','PPL','MY.06','MY.06.0809',40024,'Asia/Kuala_Lumpur',1,'2021-04-16 23:00:00','2021-04-16 23:00:00');
INSERT INTO `__PREFIX__cities` (`country_code`, `name`, `longitude`, `latitude`, `feature_class`, `feature_code`, `subadmin1_code`, `subadmin2_code`, `population`, `time_zone`, `active`, `created_at`, `updated_at`) VALUES ('MY','{\"en\":\"Batu Pahat\"}',102.93,1.85,'P','PPL','MY.01','MY.01.0101',156236,'Asia/Kuala_Lumpur',1,'2021-04-19 23:00:00','2021-04-19 23:00:00');
INSERT INTO `__PREFIX__cities` (`country_code`, `name`, `longitude`, `latitude`, `feature_class`, `feature_code`, `subadmin1_code`, `subadmin2_code`, `population`, `time_zone`, `active`, `created_at`, `updated_at`) VALUES ('MY','{\"en\":\"Parit Raja\"}',103.11,1.87,'P','PPL','MY.01','MY.01.0101',17441,'Asia/Kuala_Lumpur',1,'2021-04-16 23:00:00','2021-04-16 23:00:00');
INSERT INTO `__PREFIX__cities` (`country_code`, `name`, `longitude`, `latitude`, `feature_class`, `feature_code`, `subadmin1_code`, `subadmin2_code`, `population`, `time_zone`, `active`, `created_at`, `updated_at`) VALUES ('MY','{\"en\":\"Pekan Nenas\"}',103.51,1.51,'P','PPL','MY.01','MY.01.0109',23292,'Asia/Kuala_Lumpur',1,'2021-04-16 23:00:00','2021-04-16 23:00:00');
INSERT INTO `__PREFIX__cities` (`country_code`, `name`, `longitude`, `latitude`, `feature_class`, `feature_code`, `subadmin1_code`, `subadmin2_code`, `population`, `time_zone`, `active`, `created_at`, `updated_at`) VALUES ('MY','{\"en\":\"Pontian Kechil\"}',103.39,1.49,'P','PPL','MY.01','MY.01.0109',50836,'Asia/Kuala_Lumpur',1,'2021-04-16 23:00:00','2021-04-16 23:00:00');
INSERT INTO `__PREFIX__cities` (`country_code`, `name`, `longitude`, `latitude`, `feature_class`, `feature_code`, `subadmin1_code`, `subadmin2_code`, `population`, `time_zone`, `active`, `created_at`, `updated_at`) VALUES ('MY','{\"en\":\"Kampung Pasir Gudang Baru\"}',103.88,1.47,'P','PPL','MY.01','MY.01.0102',145639,'Asia/Kuala_Lumpur',1,'2021-04-16 23:00:00','2021-04-16 23:00:00');
INSERT INTO `__PREFIX__cities` (`country_code`, `name`, `longitude`, `latitude`, `feature_class`, `feature_code`, `subadmin1_code`, `subadmin2_code`, `population`, `time_zone`, `active`, `created_at`, `updated_at`) VALUES ('MY','{\"en\":\"Kota Tinggi\"}',103.90,1.74,'P','PPL','MY.01','MY.01.0104',52743,'Asia/Kuala_Lumpur',1,'2021-04-16 23:00:00','2021-04-16 23:00:00');
INSERT INTO `__PREFIX__cities` (`country_code`, `name`, `longitude`, `latitude`, `feature_class`, `feature_code`, `subadmin1_code`, `subadmin2_code`, `population`, `time_zone`, `active`, `created_at`, `updated_at`) VALUES ('MY','{\"en\":\"Taman Senai\"}',103.64,1.60,'P','PPL','MY.01','MY.01.0105',73176,'Asia/Kuala_Lumpur',1,'2021-04-16 23:00:00','2021-04-16 23:00:00');
INSERT INTO `__PREFIX__cities` (`country_code`, `name`, `longitude`, `latitude`, `feature_class`, `feature_code`, `subadmin1_code`, `subadmin2_code`, `population`, `time_zone`, `active`, `created_at`, `updated_at`) VALUES ('MY','{\"en\":\"Kulai\"}',103.60,1.66,'P','PPL','MY.01','MY.01.0105',63762,'Asia/Kuala_Lumpur',1,'2021-04-16 23:00:00','2021-04-16 23:00:00');
INSERT INTO `__PREFIX__cities` (`country_code`, `name`, `longitude`, `latitude`, `feature_class`, `feature_code`, `subadmin1_code`, `subadmin2_code`, `population`, `time_zone`, `active`, `created_at`, `updated_at`) VALUES ('MY','{\"en\":\"Skudai\"}',103.66,1.54,'P','PPLX','MY.01','MY.01.0102',159733,'Asia/Kuala_Lumpur',1,'2021-04-16 23:00:00','2021-04-16 23:00:00');
INSERT INTO `__PREFIX__cities` (`country_code`, `name`, `longitude`, `latitude`, `feature_class`, `feature_code`, `subadmin1_code`, `subadmin2_code`, `population`, `time_zone`, `active`, `created_at`, `updated_at`) VALUES ('MY','{\"en\":\"Johor Bahru\"}',103.76,1.47,'P','PPLA','MY.01','MY.01.0102',802489,'Asia/Kuala_Lumpur',1,'2021-04-16 23:00:00','2021-04-16 23:00:00');
INSERT INTO `__PREFIX__cities` (`country_code`, `name`, `longitude`, `latitude`, `feature_class`, `feature_code`, `subadmin1_code`, `subadmin2_code`, `population`, `time_zone`, `active`, `created_at`, `updated_at`) VALUES ('MY','{\"en\":\"Kluang\"}',103.32,2.03,'P','PPL','MY.01','MY.01.0103',169828,'Asia/Kuala_Lumpur',1,'2021-04-16 23:00:00','2021-04-16 23:00:00');
INSERT INTO `__PREFIX__cities` (`country_code`, `name`, `longitude`, `latitude`, `feature_class`, `feature_code`, `subadmin1_code`, `subadmin2_code`, `population`, `time_zone`, `active`, `created_at`, `updated_at`) VALUES ('MY','{\"en\":\"Yong Peng\"}',103.07,2.01,'P','PPL','MY.01','MY.01.0101',27138,'Asia/Kuala_Lumpur',1,'2021-04-16 23:00:00','2021-04-16 23:00:00');
INSERT INTO `__PREFIX__cities` (`country_code`, `name`, `longitude`, `latitude`, `feature_class`, `feature_code`, `subadmin1_code`, `subadmin2_code`, `population`, `time_zone`, `active`, `created_at`, `updated_at`) VALUES ('MY','{\"en\":\"Mersing\"}',103.84,2.43,'P','PPL','MY.01','MY.01.0107',22007,'Asia/Kuala_Lumpur',1,'2021-04-19 23:00:00','2021-04-19 23:00:00');
INSERT INTO `__PREFIX__cities` (`country_code`, `name`, `longitude`, `latitude`, `feature_class`, `feature_code`, `subadmin1_code`, `subadmin2_code`, `population`, `time_zone`, `active`, `created_at`, `updated_at`) VALUES ('MY','{\"en\":\"Segamat\"}',102.82,2.51,'P','PPL','MY.01','MY.01.0110',69816,'Asia/Kuala_Lumpur',1,'2021-04-16 23:00:00','2021-04-16 23:00:00');
INSERT INTO `__PREFIX__cities` (`country_code`, `name`, `longitude`, `latitude`, `feature_class`, `feature_code`, `subadmin1_code`, `subadmin2_code`, `population`, `time_zone`, `active`, `created_at`, `updated_at`) VALUES ('MY','{\"en\":\"Tangkak\"}',102.55,2.27,'P','PPL','MY.01','MY.01.0106',35109,'Asia/Kuala_Lumpur',1,'2021-04-16 23:00:00','2021-04-16 23:00:00');
INSERT INTO `__PREFIX__cities` (`country_code`, `name`, `longitude`, `latitude`, `feature_class`, `feature_code`, `subadmin1_code`, `subadmin2_code`, `population`, `time_zone`, `active`, `created_at`, `updated_at`) VALUES ('MY','{\"en\":\"Muar\"}',102.57,2.04,'P','PPL','MY.01','MY.01.0108',127897,'Asia/Kuala_Lumpur',1,'2021-04-16 23:00:00','2021-04-16 23:00:00');
INSERT INTO `__PREFIX__cities` (`country_code`, `name`, `longitude`, `latitude`, `feature_class`, `feature_code`, `subadmin1_code`, `subadmin2_code`, `population`, `time_zone`, `active`, `created_at`, `updated_at`) VALUES ('MY','{\"en\":\"Bakri\"}',102.65,2.04,'P','PPL','MY.01','MY.01.0108',30280,'Asia/Kuala_Lumpur',1,'2021-04-16 23:00:00','2021-04-16 23:00:00');
INSERT INTO `__PREFIX__cities` (`country_code`, `name`, `longitude`, `latitude`, `feature_class`, `feature_code`, `subadmin1_code`, `subadmin2_code`, `population`, `time_zone`, `active`, `created_at`, `updated_at`) VALUES ('MY','{\"en\":\"Labis\"}',103.02,2.38,'P','PPL','MY.01','MY.01.0110',21906,'Asia/Kuala_Lumpur',1,'2021-04-16 23:00:00','2021-04-16 23:00:00');
INSERT INTO `__PREFIX__cities` (`country_code`, `name`, `longitude`, `latitude`, `feature_class`, `feature_code`, `subadmin1_code`, `subadmin2_code`, `population`, `time_zone`, `active`, `created_at`, `updated_at`) VALUES ('MY','{\"en\":\"Chaah\"}',103.05,2.25,'P','PPL','MY.01','MY.01.0110',11844,'Asia/Kuala_Lumpur',1,'2021-04-16 23:00:00','2021-04-16 23:00:00');
INSERT INTO `__PREFIX__cities` (`country_code`, `name`, `longitude`, `latitude`, `feature_class`, `feature_code`, `subadmin1_code`, `subadmin2_code`, `population`, `time_zone`, `active`, `created_at`, `updated_at`) VALUES ('MY','{\"en\":\"Kuala Selangor\"}',101.25,3.35,'P','PPL','MY.12','MY.12.1706',55887,'Asia/Kuala_Lumpur',1,'2021-04-16 23:00:00','2021-04-16 23:00:00');
INSERT INTO `__PREFIX__cities` (`country_code`, `name`, `longitude`, `latitude`, `feature_class`, `feature_code`, `subadmin1_code`, `subadmin2_code`, `population`, `time_zone`, `active`, `created_at`, `updated_at`) VALUES ('MY','{\"en\":\"Batang Berjuntai\"}',101.42,3.38,'P','PPL','MY.12','MY.12.1706',20001,'Asia/Kuala_Lumpur',1,'2021-04-16 23:00:00','2021-04-16 23:00:00');
INSERT INTO `__PREFIX__cities` (`country_code`, `name`, `longitude`, `latitude`, `feature_class`, `feature_code`, `subadmin1_code`, `subadmin2_code`, `population`, `time_zone`, `active`, `created_at`, `updated_at`) VALUES ('MY','{\"en\":\"Batu Arang\"}',101.47,3.32,'P','PPL','MY.12','MY.12.1701',22579,'Asia/Kuala_Lumpur',1,'2021-04-16 23:00:00','2021-04-16 23:00:00');
INSERT INTO `__PREFIX__cities` (`country_code`, `name`, `longitude`, `latitude`, `feature_class`, `feature_code`, `subadmin1_code`, `subadmin2_code`, `population`, `time_zone`, `active`, `created_at`, `updated_at`) VALUES ('MY','{\"en\":\"Shah Alam\"}',101.53,3.09,'P','PPL','MY.12','MY.12.1707',481654,'Asia/Kuala_Lumpur',1,'2021-04-16 23:00:00','2021-04-16 23:00:00');
INSERT INTO `__PREFIX__cities` (`country_code`, `name`, `longitude`, `latitude`, `feature_class`, `feature_code`, `subadmin1_code`, `subadmin2_code`, `population`, `time_zone`, `active`, `created_at`, `updated_at`) VALUES ('MY','{\"en\":\"Klang\"}',101.44,3.04,'P','PPL','MY.12','MY.12.1704',879867,'Asia/Kuala_Lumpur',1,'2021-04-16 23:00:00','2021-04-16 23:00:00');
INSERT INTO `__PREFIX__cities` (`country_code`, `name`, `longitude`, `latitude`, `feature_class`, `feature_code`, `subadmin1_code`, `subadmin2_code`, `population`, `time_zone`, `active`, `created_at`, `updated_at`) VALUES ('MY','{\"en\":\"Cukai\"}',103.42,4.25,'P','PPL','MY.13','MY.13.1504',82425,'Asia/Kuala_Lumpur',1,'2021-04-16 23:00:00','2021-04-16 23:00:00');
INSERT INTO `__PREFIX__cities` (`country_code`, `name`, `longitude`, `latitude`, `feature_class`, `feature_code`, `subadmin1_code`, `subadmin2_code`, `population`, `time_zone`, `active`, `created_at`, `updated_at`) VALUES ('MY','{\"en\":\"Kuala Lipis\"}',102.05,4.18,'P','PPL','MY.06','MY.06.0806',15448,'Asia/Kuala_Lumpur',1,'2021-04-16 23:00:00','2021-04-16 23:00:00');
INSERT INTO `__PREFIX__cities` (`country_code`, `name`, `longitude`, `latitude`, `feature_class`, `feature_code`, `subadmin1_code`, `subadmin2_code`, `population`, `time_zone`, `active`, `created_at`, `updated_at`) VALUES ('MY','{\"en\":\"Papar\"}',115.93,5.73,'P','PPL','MY.16','MY.16.1213',19278,'Asia/Kuching',1,'2021-04-16 23:00:00','2021-04-16 23:00:00');
INSERT INTO `__PREFIX__cities` (`country_code`, `name`, `longitude`, `latitude`, `feature_class`, `feature_code`, `subadmin1_code`, `subadmin2_code`, `population`, `time_zone`, `active`, `created_at`, `updated_at`) VALUES ('MY','{\"en\":\"Kota Kinabalu\"}',116.07,5.97,'P','PPLA','MY.16','MY.16.1206',457326,'Asia/Kuching',1,'2021-04-16 23:00:00','2021-04-16 23:00:00');
INSERT INTO `__PREFIX__cities` (`country_code`, `name`, `longitude`, `latitude`, `feature_class`, `feature_code`, `subadmin1_code`, `subadmin2_code`, `population`, `time_zone`, `active`, `created_at`, `updated_at`) VALUES ('MY','{\"en\":\"Donggongon\"}',116.10,5.91,'P','PPL','MY.16','MY.16.1214',71585,'Asia/Kuching',1,'2021-04-16 23:00:00','2021-04-16 23:00:00');
INSERT INTO `__PREFIX__cities` (`country_code`, `name`, `longitude`, `latitude`, `feature_class`, `feature_code`, `subadmin1_code`, `subadmin2_code`, `population`, `time_zone`, `active`, `created_at`, `updated_at`) VALUES ('MY','{\"en\":\"Putatan\"}',116.06,5.93,'P','PPL','MY.16','MY.16.1214',78340,'Asia/Kuching',1,'2021-04-16 23:00:00','2021-04-16 23:00:00');
INSERT INTO `__PREFIX__cities` (`country_code`, `name`, `longitude`, `latitude`, `feature_class`, `feature_code`, `subadmin1_code`, `subadmin2_code`, `population`, `time_zone`, `active`, `created_at`, `updated_at`) VALUES ('MY','{\"en\":\"Kinarut\"}',116.05,5.82,'P','PPL','MY.16','MY.16.1213',15716,'Asia/Kuching',1,'2021-04-16 23:00:00','2021-04-16 23:00:00');
INSERT INTO `__PREFIX__cities` (`country_code`, `name`, `longitude`, `latitude`, `feature_class`, `feature_code`, `subadmin1_code`, `subadmin2_code`, `population`, `time_zone`, `active`, `created_at`, `updated_at`) VALUES ('MY','{\"en\":\"Ranau\"}',116.66,5.95,'P','PPL','MY.16','MY.16.1217',19294,'Asia/Kuching',1,'2021-04-16 23:00:00','2021-04-16 23:00:00');
INSERT INTO `__PREFIX__cities` (`country_code`, `name`, `longitude`, `latitude`, `feature_class`, `feature_code`, `subadmin1_code`, `subadmin2_code`, `population`, `time_zone`, `active`, `created_at`, `updated_at`) VALUES ('MY','{\"en\":\"Semporna\"}',118.61,4.48,'P','PPL','MY.16','MY.16.1219',62641,'Asia/Kuching',1,'2021-04-16 23:00:00','2021-04-16 23:00:00');
INSERT INTO `__PREFIX__cities` (`country_code`, `name`, `longitude`, `latitude`, `feature_class`, `feature_code`, `subadmin1_code`, `subadmin2_code`, `population`, `time_zone`, `active`, `created_at`, `updated_at`) VALUES ('MY','{\"en\":\"Labuan\"}',115.25,5.28,'P','PPLA','MY.15','MY.15.0501',73653,'Asia/Kuala_Lumpur',1,'2021-07-26 23:00:00','2021-07-26 23:00:00');
INSERT INTO `__PREFIX__cities` (`country_code`, `name`, `longitude`, `latitude`, `feature_class`, `feature_code`, `subadmin1_code`, `subadmin2_code`, `population`, `time_zone`, `active`, `created_at`, `updated_at`) VALUES ('MY','{\"en\":\"Beaufort\"}',115.75,5.35,'P','PPL','MY.16','MY.16.1201',15855,'Asia/Kuching',1,'2021-04-16 23:00:00','2021-04-16 23:00:00');
INSERT INTO `__PREFIX__cities` (`country_code`, `name`, `longitude`, `latitude`, `feature_class`, `feature_code`, `subadmin1_code`, `subadmin2_code`, `population`, `time_zone`, `active`, `created_at`, `updated_at`) VALUES ('MY','{\"en\":\"Lahad Datu\"}',118.33,5.02,'P','PPL','MY.16','MY.16.1211',105622,'Asia/Kuching',1,'2021-04-16 23:00:00','2021-04-16 23:00:00');
INSERT INTO `__PREFIX__cities` (`country_code`, `name`, `longitude`, `latitude`, `feature_class`, `feature_code`, `subadmin1_code`, `subadmin2_code`, `population`, `time_zone`, `active`, `created_at`, `updated_at`) VALUES ('MY','{\"en\":\"Sandakan\"}',118.12,5.84,'P','PPL','MY.16','MY.16.1218',392288,'Asia/Kuching',1,'2021-04-16 23:00:00','2021-04-16 23:00:00');
INSERT INTO `__PREFIX__cities` (`country_code`, `name`, `longitude`, `latitude`, `feature_class`, `feature_code`, `subadmin1_code`, `subadmin2_code`, `population`, `time_zone`, `active`, `created_at`, `updated_at`) VALUES ('MY','{\"en\":\"Keningau\"}',116.16,5.34,'P','PPL','MY.16','MY.16.1203',77650,'Asia/Kuching',1,'2021-04-16 23:00:00','2021-04-16 23:00:00');
INSERT INTO `__PREFIX__cities` (`country_code`, `name`, `longitude`, `latitude`, `feature_class`, `feature_code`, `subadmin1_code`, `subadmin2_code`, `population`, `time_zone`, `active`, `created_at`, `updated_at`) VALUES ('MY','{\"en\":\"Tawau\"}',117.89,4.24,'P','PPL','MY.16','MY.16.1222',306462,'Asia/Kuching',1,'2021-04-19 23:00:00','2021-04-19 23:00:00');
INSERT INTO `__PREFIX__cities` (`country_code`, `name`, `longitude`, `latitude`, `feature_class`, `feature_code`, `subadmin1_code`, `subadmin2_code`, `population`, `time_zone`, `active`, `created_at`, `updated_at`) VALUES ('MY','{\"en\":\"Paka\"}',103.44,4.64,'P','PPL','MY.13','MY.13.1502',21044,'Asia/Kuala_Lumpur',1,'2021-04-16 23:00:00','2021-04-16 23:00:00');
INSERT INTO `__PREFIX__cities` (`country_code`, `name`, `longitude`, `latitude`, `feature_class`, `feature_code`, `subadmin1_code`, `subadmin2_code`, `population`, `time_zone`, `active`, `created_at`, `updated_at`) VALUES ('MY','{\"en\":\"Kertih\"}',103.45,4.51,'P','PPL','MY.13','MY.13.1504',24401,'Asia/Kuala_Lumpur',1,'2021-04-16 23:00:00','2021-04-16 23:00:00');
INSERT INTO `__PREFIX__cities` (`country_code`, `name`, `longitude`, `latitude`, `feature_class`, `feature_code`, `subadmin1_code`, `subadmin2_code`, `population`, `time_zone`, `active`, `created_at`, `updated_at`) VALUES ('MY','{\"en\":\"Kulim\"}',100.56,5.36,'P','PPL','MY.02','MY.02.0206',170889,'Asia/Kuala_Lumpur',1,'2021-04-16 23:00:00','2021-04-16 23:00:00');
INSERT INTO `__PREFIX__cities` (`country_code`, `name`, `longitude`, `latitude`, `feature_class`, `feature_code`, `subadmin1_code`, `subadmin2_code`, `population`, `time_zone`, `active`, `created_at`, `updated_at`) VALUES ('MY','{\"en\":\"Bagan Serai\"}',100.54,5.01,'P','PPL','MY.07','MY.07.0905',20476,'Asia/Kuala_Lumpur',1,'2021-04-16 23:00:00','2021-04-16 23:00:00');
INSERT INTO `__PREFIX__cities` (`country_code`, `name`, `longitude`, `latitude`, `feature_class`, `feature_code`, `subadmin1_code`, `subadmin2_code`, `population`, `time_zone`, `active`, `created_at`, `updated_at`) VALUES ('MY','{\"en\":\"Bedong\"}',100.51,5.73,'P','PPL','MY.02','MY.02.0204',47585,'Asia/Kuala_Lumpur',1,'2021-04-16 23:00:00','2021-04-16 23:00:00');
INSERT INTO `__PREFIX__cities` (`country_code`, `name`, `longitude`, `latitude`, `feature_class`, `feature_code`, `subadmin1_code`, `subadmin2_code`, `population`, `time_zone`, `active`, `created_at`, `updated_at`) VALUES ('MY','{\"en\":\"Simpang Empat\"}',100.63,4.95,'P','PPL','MY.07','MY.07.0905',58004,'Asia/Kuala_Lumpur',1,'2021-04-16 23:00:00','2021-04-16 23:00:00');
INSERT INTO `__PREFIX__cities` (`country_code`, `name`, `longitude`, `latitude`, `feature_class`, `feature_code`, `subadmin1_code`, `subadmin2_code`, `population`, `time_zone`, `active`, `created_at`, `updated_at`) VALUES ('MY','{\"en\":\"Taiping\"}',100.73,4.85,'P','PPL','MY.07','MY.07.0908',217647,'Asia/Kuala_Lumpur',1,'2021-04-16 23:00:00','2021-04-16 23:00:00');
INSERT INTO `__PREFIX__cities` (`country_code`, `name`, `longitude`, `latitude`, `feature_class`, `feature_code`, `subadmin1_code`, `subadmin2_code`, `population`, `time_zone`, `active`, `created_at`, `updated_at`) VALUES ('MY','{\"en\":\"Kuala Kangsar\"}',100.93,4.77,'P','PPL','MY.07','MY.07.0907',39331,'Asia/Kuala_Lumpur',1,'2021-04-16 23:00:00','2021-04-16 23:00:00');
INSERT INTO `__PREFIX__cities` (`country_code`, `name`, `longitude`, `latitude`, `feature_class`, `feature_code`, `subadmin1_code`, `subadmin2_code`, `population`, `time_zone`, `active`, `created_at`, `updated_at`) VALUES ('MY','{\"en\":\"Ipoh\"}',101.08,4.58,'P','PPLA','MY.07','MY.07.0906',673318,'Asia/Kuala_Lumpur',1,'2021-04-16 23:00:00','2021-04-16 23:00:00');
INSERT INTO `__PREFIX__cities` (`country_code`, `name`, `longitude`, `latitude`, `feature_class`, `feature_code`, `subadmin1_code`, `subadmin2_code`, `population`, `time_zone`, `active`, `created_at`, `updated_at`) VALUES ('MY','{\"en\":\"Gua Musang\"}',101.97,4.88,'P','PPL','MY.03','MY.03.0302',19731,'Asia/Kuala_Lumpur',1,'2021-04-16 23:00:00','2021-04-16 23:00:00');
INSERT INTO `__PREFIX__cities` (`country_code`, `name`, `longitude`, `latitude`, `feature_class`, `feature_code`, `subadmin1_code`, `subadmin2_code`, `population`, `time_zone`, `active`, `created_at`, `updated_at`) VALUES ('MY','{\"en\":\"Kuala Terengganu\"}',103.14,5.33,'P','PPLA','MY.13','MY.13.1505',285065,'Asia/Kuala_Lumpur',1,'2021-04-16 23:00:00','2021-04-16 23:00:00');
INSERT INTO `__PREFIX__cities` (`country_code`, `name`, `longitude`, `latitude`, `feature_class`, `feature_code`, `subadmin1_code`, `subadmin2_code`, `population`, `time_zone`, `active`, `created_at`, `updated_at`) VALUES ('MY','{\"en\":\"Marang\"}',103.21,5.21,'P','PPL','MY.13','MY.13.1506',21410,'Asia/Kuala_Lumpur',1,'2021-04-16 23:00:00','2021-04-16 23:00:00');
INSERT INTO `__PREFIX__cities` (`country_code`, `name`, `longitude`, `latitude`, `feature_class`, `feature_code`, `subadmin1_code`, `subadmin2_code`, `population`, `time_zone`, `active`, `created_at`, `updated_at`) VALUES ('MY','{\"en\":\"Tampin\"}',102.23,2.47,'P','PPL','MY.05','MY.05.0707',28238,'Asia/Kuala_Lumpur',1,'2021-04-16 23:00:00','2021-04-16 23:00:00');
INSERT INTO `__PREFIX__cities` (`country_code`, `name`, `longitude`, `latitude`, `feature_class`, `feature_code`, `subadmin1_code`, `subadmin2_code`, `population`, `time_zone`, `active`, `created_at`, `updated_at`) VALUES ('MY','{\"en\":\"Alor Gajah\"}',102.21,2.38,'P','PPL','MY.04','MY.04.0601',20163,'Asia/Kuala_Lumpur',1,'2021-04-16 23:00:00','2021-04-16 23:00:00');
INSERT INTO `__PREFIX__cities` (`country_code`, `name`, `longitude`, `latitude`, `feature_class`, `feature_code`, `subadmin1_code`, `subadmin2_code`, `population`, `time_zone`, `active`, `created_at`, `updated_at`) VALUES ('MY','{\"en\":\"Kampung Ayer Keroh\"}',102.28,2.27,'P','PPL','MY.04','MY.04.0603',37716,'Asia/Kuala_Lumpur',1,'2021-04-16 23:00:00','2021-04-16 23:00:00');
INSERT INTO `__PREFIX__cities` (`country_code`, `name`, `longitude`, `latitude`, `feature_class`, `feature_code`, `subadmin1_code`, `subadmin2_code`, `population`, `time_zone`, `active`, `created_at`, `updated_at`) VALUES ('MY','{\"en\":\"Sungai Udang\"}',102.14,2.27,'P','PPL','MY.04','MY.04.0603',26044,'Asia/Kuala_Lumpur',1,'2021-04-16 23:00:00','2021-04-16 23:00:00');
INSERT INTO `__PREFIX__cities` (`country_code`, `name`, `longitude`, `latitude`, `feature_class`, `feature_code`, `subadmin1_code`, `subadmin2_code`, `population`, `time_zone`, `active`, `created_at`, `updated_at`) VALUES ('MY','{\"en\":\"Malacca\"}',102.24,2.20,'P','PPLA','MY.04','MY.04.0603',180671,'Asia/Kuala_Lumpur',1,'2021-04-16 23:00:00','2021-04-16 23:00:00');
INSERT INTO `__PREFIX__cities` (`country_code`, `name`, `longitude`, `latitude`, `feature_class`, `feature_code`, `subadmin1_code`, `subadmin2_code`, `population`, `time_zone`, `active`, `created_at`, `updated_at`) VALUES ('MY','{\"en\":\"Pelabuhan Klang\"}',101.39,3.00,'P','PPL','MY.12','MY.12.1704',20000,'Asia/Kuala_Lumpur',1,'2021-04-16 23:00:00','2021-04-16 23:00:00');
INSERT INTO `__PREFIX__cities` (`country_code`, `name`, `longitude`, `latitude`, `feature_class`, `feature_code`, `subadmin1_code`, `subadmin2_code`, `population`, `time_zone`, `active`, `created_at`, `updated_at`) VALUES ('MY','{\"en\":\"Banting\"}',101.50,2.81,'P','PPL','MY.12','MY.12.1705',48240,'Asia/Kuala_Lumpur',1,'2021-04-16 23:00:00','2021-04-16 23:00:00');
INSERT INTO `__PREFIX__cities` (`country_code`, `name`, `longitude`, `latitude`, `feature_class`, `feature_code`, `subadmin1_code`, `subadmin2_code`, `population`, `time_zone`, `active`, `created_at`, `updated_at`) VALUES ('MY','{\"en\":\"Jenjarum\"}',101.49,2.87,'P','PPL','MY.12','MY.12.1705',24857,'Asia/Kuala_Lumpur',1,'2021-04-16 23:00:00','2021-04-16 23:00:00');
INSERT INTO `__PREFIX__cities` (`country_code`, `name`, `longitude`, `latitude`, `feature_class`, `feature_code`, `subadmin1_code`, `subadmin2_code`, `population`, `time_zone`, `active`, `created_at`, `updated_at`) VALUES ('MY','{\"en\":\"Semenyih\"}',101.84,2.95,'P','PPL','MY.12','MY.12.1702',92491,'Asia/Kuala_Lumpur',1,'2021-04-19 23:00:00','2021-04-19 23:00:00');
INSERT INTO `__PREFIX__cities` (`country_code`, `name`, `longitude`, `latitude`, `feature_class`, `feature_code`, `subadmin1_code`, `subadmin2_code`, `population`, `time_zone`, `active`, `created_at`, `updated_at`) VALUES ('MY','{\"en\":\"Seremban\"}',101.94,2.73,'P','PPLA','MY.05','MY.05.0706',372917,'Asia/Kuala_Lumpur',1,'2021-04-16 23:00:00','2021-04-16 23:00:00');
INSERT INTO `__PREFIX__cities` (`country_code`, `name`, `longitude`, `latitude`, `feature_class`, `feature_code`, `subadmin1_code`, `subadmin2_code`, `population`, `time_zone`, `active`, `created_at`, `updated_at`) VALUES ('MY','{\"en\":\"Port Dickson\"}',101.81,2.54,'P','PPLA2','MY.05','MY.05.0704',89198,'Asia/Kuala_Lumpur',1,'2021-04-16 23:00:00','2021-04-16 23:00:00');
INSERT INTO `__PREFIX__cities` (`country_code`, `name`, `longitude`, `latitude`, `feature_class`, `feature_code`, `subadmin1_code`, `subadmin2_code`, `population`, `time_zone`, `active`, `created_at`, `updated_at`) VALUES ('MY','{\"en\":\"Sepang\"}',101.75,2.69,'P','PPL','MY.12','MY.12.1709',212050,'Asia/Kuala_Lumpur',1,'2021-04-16 23:00:00','2021-04-16 23:00:00');
INSERT INTO `__PREFIX__cities` (`country_code`, `name`, `longitude`, `latitude`, `feature_class`, `feature_code`, `subadmin1_code`, `subadmin2_code`, `population`, `time_zone`, `active`, `created_at`, `updated_at`) VALUES ('MY','{\"en\":\"Bahau\"}',102.40,2.81,'P','PPL','MY.05','MY.05.0702',31273,'Asia/Kuala_Lumpur',1,'2021-04-16 23:00:00','2021-04-16 23:00:00');
INSERT INTO `__PREFIX__cities` (`country_code`, `name`, `longitude`, `latitude`, `feature_class`, `feature_code`, `subadmin1_code`, `subadmin2_code`, `population`, `time_zone`, `active`, `created_at`, `updated_at`) VALUES ('MY','{\"en\":\"Kuala Pilah\"}',102.25,2.74,'P','PPL','MY.05','MY.05.0703',19510,'Asia/Kuala_Lumpur',1,'2021-04-16 23:00:00','2021-04-16 23:00:00');
INSERT INTO `__PREFIX__cities` (`country_code`, `name`, `longitude`, `latitude`, `feature_class`, `feature_code`, `subadmin1_code`, `subadmin2_code`, `population`, `time_zone`, `active`, `created_at`, `updated_at`) VALUES ('MY','{\"en\":\"Buloh Kasap\"}',102.76,2.55,'P','PPL','MY.01','MY.01.0110',13088,'Asia/Kuala_Lumpur',1,'2021-04-16 23:00:00','2021-04-16 23:00:00');
INSERT INTO `__PREFIX__cities` (`country_code`, `name`, `longitude`, `latitude`, `feature_class`, `feature_code`, `subadmin1_code`, `subadmin2_code`, `population`, `time_zone`, `active`, `created_at`, `updated_at`) VALUES ('MY','{\"en\":\"Pekan\"}',103.40,3.48,'P','PPL','MY.06','MY.06.0808',31826,'Asia/Kuala_Lumpur',1,'2021-04-16 23:00:00','2021-04-16 23:00:00');
INSERT INTO `__PREFIX__cities` (`country_code`, `name`, `longitude`, `latitude`, `feature_class`, `feature_code`, `subadmin1_code`, `subadmin2_code`, `population`, `time_zone`, `active`, `created_at`, `updated_at`) VALUES ('MY','{\"en\":\"Mentekab\"}',102.35,3.49,'P','PPL','MY.06','MY.06.0811',42171,'Asia/Kuala_Lumpur',1,'2021-04-16 23:00:00','2021-04-16 23:00:00');
INSERT INTO `__PREFIX__cities` (`country_code`, `name`, `longitude`, `latitude`, `feature_class`, `feature_code`, `subadmin1_code`, `subadmin2_code`, `population`, `time_zone`, `active`, `created_at`, `updated_at`) VALUES ('MY','{\"en\":\"Temerluh\"}',102.42,3.45,'P','PPL','MY.06','MY.06.0811',59916,'Asia/Kuala_Lumpur',1,'2021-04-16 23:00:00','2021-04-16 23:00:00');
INSERT INTO `__PREFIX__cities` (`country_code`, `name`, `longitude`, `latitude`, `feature_class`, `feature_code`, `subadmin1_code`, `subadmin2_code`, `population`, `time_zone`, `active`, `created_at`, `updated_at`) VALUES ('MY','{\"en\":\"Batu Feringgi\"}',100.25,5.47,'P','PPL','MY.09','MY.09.1105',20000,'Asia/Kuala_Lumpur',1,'2021-04-16 23:00:00','2021-04-16 23:00:00');
INSERT INTO `__PREFIX__cities` (`country_code`, `name`, `longitude`, `latitude`, `feature_class`, `feature_code`, `subadmin1_code`, `subadmin2_code`, `population`, `time_zone`, `active`, `created_at`, `updated_at`) VALUES ('MY','{\"en\":\"Butterworth\"}',100.36,5.40,'P','PPL','MY.09','MY.09.1104',107591,'Asia/Kuala_Lumpur',1,'2021-04-16 23:00:00','2021-04-16 23:00:00');
INSERT INTO `__PREFIX__cities` (`country_code`, `name`, `longitude`, `latitude`, `feature_class`, `feature_code`, `subadmin1_code`, `subadmin2_code`, `population`, `time_zone`, `active`, `created_at`, `updated_at`) VALUES ('MY','{\"en\":\"Perai\"}',100.38,5.38,'P','PPL','MY.09','MY.09.1103',65301,'Asia/Kuala_Lumpur',1,'2021-04-16 23:00:00','2021-04-16 23:00:00');
INSERT INTO `__PREFIX__cities` (`country_code`, `name`, `longitude`, `latitude`, `feature_class`, `feature_code`, `subadmin1_code`, `subadmin2_code`, `population`, `time_zone`, `active`, `created_at`, `updated_at`) VALUES ('MY','{\"en\":\"Bukit Mertajam\"}',100.47,5.36,'P','PPL','MY.09','MY.09.1103',212329,'Asia/Kuala_Lumpur',1,'2021-04-16 23:00:00','2021-04-16 23:00:00');
INSERT INTO `__PREFIX__cities` (`country_code`, `name`, `longitude`, `latitude`, `feature_class`, `feature_code`, `subadmin1_code`, `subadmin2_code`, `population`, `time_zone`, `active`, `created_at`, `updated_at`) VALUES ('MY','{\"en\":\"Nibong Tebal\"}',100.48,5.17,'P','PPL','MY.09','MY.09.1102',40072,'Asia/Kuala_Lumpur',1,'2021-08-23 23:00:00','2021-08-23 23:00:00');
INSERT INTO `__PREFIX__cities` (`country_code`, `name`, `longitude`, `latitude`, `feature_class`, `feature_code`, `subadmin1_code`, `subadmin2_code`, `population`, `time_zone`, `active`, `created_at`, `updated_at`) VALUES ('MY','{\"en\":\"Parit Buntar\"}',100.49,5.13,'P','PPL','MY.07','MY.07.0905',27313,'Asia/Kuala_Lumpur',1,'2021-04-16 23:00:00','2021-04-16 23:00:00');
INSERT INTO `__PREFIX__cities` (`country_code`, `name`, `longitude`, `latitude`, `feature_class`, `feature_code`, `subadmin1_code`, `subadmin2_code`, `population`, `time_zone`, `active`, `created_at`, `updated_at`) VALUES ('MY','{\"en\":\"Tasek Glugor\"}',100.50,5.48,'P','PPL','MY.09','MY.09.1104',135786,'Asia/Kuala_Lumpur',1,'2021-04-16 23:00:00','2021-04-16 23:00:00');
INSERT INTO `__PREFIX__cities` (`country_code`, `name`, `longitude`, `latitude`, `feature_class`, `feature_code`, `subadmin1_code`, `subadmin2_code`, `population`, `time_zone`, `active`, `created_at`, `updated_at`) VALUES ('MY','{\"en\":\"George Town\"}',100.34,5.41,'P','PPLA','MY.09','MY.09.1105',300000,'Asia/Kuala_Lumpur',1,'2021-04-16 23:00:00','2021-04-16 23:00:00');
INSERT INTO `__PREFIX__cities` (`country_code`, `name`, `longitude`, `latitude`, `feature_class`, `feature_code`, `subadmin1_code`, `subadmin2_code`, `population`, `time_zone`, `active`, `created_at`, `updated_at`) VALUES ('MY','{\"en\":\"Kampung Bukit Tinggi, Bentong\"}',101.83,3.35,'P','PPL','MY.06','MY.06.0801',12346,'Asia/Kuala_Lumpur',1,'2021-04-16 23:00:00','2021-04-16 23:00:00');
INSERT INTO `__PREFIX__cities` (`country_code`, `name`, `longitude`, `latitude`, `feature_class`, `feature_code`, `subadmin1_code`, `subadmin2_code`, `population`, `time_zone`, `active`, `created_at`, `updated_at`) VALUES ('MY','{\"en\":\"Serendah\"}',101.60,3.36,'P','PPL','MY.12','MY.12.1703',28484,'Asia/Kuala_Lumpur',1,'2021-04-16 23:00:00','2021-04-16 23:00:00');
INSERT INTO `__PREFIX__cities` (`country_code`, `name`, `longitude`, `latitude`, `feature_class`, `feature_code`, `subadmin1_code`, `subadmin2_code`, `population`, `time_zone`, `active`, `created_at`, `updated_at`) VALUES ('MY','{\"en\":\"Rawang\"}',101.58,3.32,'P','PPL','MY.12','MY.12.1701',120447,'Asia/Kuala_Lumpur',1,'2021-04-19 23:00:00','2021-04-19 23:00:00');
INSERT INTO `__PREFIX__cities` (`country_code`, `name`, `longitude`, `latitude`, `feature_class`, `feature_code`, `subadmin1_code`, `subadmin2_code`, `population`, `time_zone`, `active`, `created_at`, `updated_at`) VALUES ('MY','{\"en\":\"Petaling Jaya\"}',101.61,3.11,'P','PPLA2','MY.12','MY.12.1707',520698,'Asia/Kuala_Lumpur',1,'2021-04-19 23:00:00','2021-04-19 23:00:00');
INSERT INTO `__PREFIX__cities` (`country_code`, `name`, `longitude`, `latitude`, `feature_class`, `feature_code`, `subadmin1_code`, `subadmin2_code`, `population`, `time_zone`, `active`, `created_at`, `updated_at`) VALUES ('MY','{\"en\":\"Kuala Lumpur\"}',101.69,3.14,'P','PPLC','MY.14','MY.14.0401',1453975,'Asia/Kuala_Lumpur',1,'2021-04-16 23:00:00','2021-04-16 23:00:00');
INSERT INTO `__PREFIX__cities` (`country_code`, `name`, `longitude`, `latitude`, `feature_class`, `feature_code`, `subadmin1_code`, `subadmin2_code`, `population`, `time_zone`, `active`, `created_at`, `updated_at`) VALUES ('MY','{\"en\":\"Ampang\"}',101.77,3.15,'P','PPL','MY.14',NULL,126285,'Asia/Kuala_Lumpur',1,'2021-07-18 23:00:00','2021-07-18 23:00:00');
INSERT INTO `__PREFIX__cities` (`country_code`, `name`, `longitude`, `latitude`, `feature_class`, `feature_code`, `subadmin1_code`, `subadmin2_code`, `population`, `time_zone`, `active`, `created_at`, `updated_at`) VALUES ('MY','{\"en\":\"Sabak Bernam\"}',100.99,3.77,'P','PPL','MY.12','MY.12.1708',17251,'Asia/Kuala_Lumpur',1,'2021-04-16 23:00:00','2021-04-16 23:00:00');
INSERT INTO `__PREFIX__cities` (`country_code`, `name`, `longitude`, `latitude`, `feature_class`, `feature_code`, `subadmin1_code`, `subadmin2_code`, `population`, `time_zone`, `active`, `created_at`, `updated_at`) VALUES ('MY','{\"en\":\"Sungai Besar\"}',100.99,3.67,'P','PPL','MY.12','MY.12.1708',26939,'Asia/Kuala_Lumpur',1,'2021-04-16 23:00:00','2021-04-16 23:00:00');
INSERT INTO `__PREFIX__cities` (`country_code`, `name`, `longitude`, `latitude`, `feature_class`, `feature_code`, `subadmin1_code`, `subadmin2_code`, `population`, `time_zone`, `active`, `created_at`, `updated_at`) VALUES ('MY','{\"en\":\"Kuantan\"}',103.33,3.81,'P','PPLA','MY.06','MY.06.0805',366229,'Asia/Kuala_Lumpur',1,'2021-04-16 23:00:00','2021-04-16 23:00:00');
INSERT INTO `__PREFIX__cities` (`country_code`, `name`, `longitude`, `latitude`, `feature_class`, `feature_code`, `subadmin1_code`, `subadmin2_code`, `population`, `time_zone`, `active`, `created_at`, `updated_at`) VALUES ('MY','{\"en\":\"Tanah Rata\"}',101.38,4.46,'P','PPLA2','MY.06','MY.06.0803',7000,'Asia/Kuala_Lumpur',1,'2021-04-19 23:00:00','2021-04-19 23:00:00');
INSERT INTO `__PREFIX__cities` (`country_code`, `name`, `longitude`, `latitude`, `feature_class`, `feature_code`, `subadmin1_code`, `subadmin2_code`, `population`, `time_zone`, `active`, `created_at`, `updated_at`) VALUES ('MY','{\"en\":\"Batu Gajah\"}',101.04,4.47,'P','PPL','MY.07','MY.07.0906',46183,'Asia/Kuala_Lumpur',1,'2021-04-16 23:00:00','2021-04-16 23:00:00');
INSERT INTO `__PREFIX__cities` (`country_code`, `name`, `longitude`, `latitude`, `feature_class`, `feature_code`, `subadmin1_code`, `subadmin2_code`, `population`, `time_zone`, `active`, `created_at`, `updated_at`) VALUES ('MY','{\"en\":\"Kampar\"}',101.15,4.30,'P','PPL','MY.07','MY.07.0906',19056,'Asia/Kuala_Lumpur',1,'2021-04-16 23:00:00','2021-04-16 23:00:00');
INSERT INTO `__PREFIX__cities` (`country_code`, `name`, `longitude`, `latitude`, `feature_class`, `feature_code`, `subadmin1_code`, `subadmin2_code`, `population`, `time_zone`, `active`, `created_at`, `updated_at`) VALUES ('MY','{\"en\":\"Tapah Road\"}',101.20,4.17,'P','PPL','MY.07','MY.07.0901',27863,'Asia/Kuala_Lumpur',1,'2021-04-16 23:00:00','2021-04-16 23:00:00');
INSERT INTO `__PREFIX__cities` (`country_code`, `name`, `longitude`, `latitude`, `feature_class`, `feature_code`, `subadmin1_code`, `subadmin2_code`, `population`, `time_zone`, `active`, `created_at`, `updated_at`) VALUES ('MY','{\"en\":\"Bidur\"}',101.28,4.12,'P','PPL','MY.07','MY.07.0901',30016,'Asia/Kuala_Lumpur',1,'2021-04-16 23:00:00','2021-04-16 23:00:00');
INSERT INTO `__PREFIX__cities` (`country_code`, `name`, `longitude`, `latitude`, `feature_class`, `feature_code`, `subadmin1_code`, `subadmin2_code`, `population`, `time_zone`, `active`, `created_at`, `updated_at`) VALUES ('MY','{\"en\":\"Mukah\"}',112.09,2.89,'P','PPL','MY.11','MY.11.1320',49900,'Asia/Kuching',1,'2021-04-16 23:00:00','2021-04-16 23:00:00');
INSERT INTO `__PREFIX__cities` (`country_code`, `name`, `longitude`, `latitude`, `feature_class`, `feature_code`, `subadmin1_code`, `subadmin2_code`, `population`, `time_zone`, `active`, `created_at`, `updated_at`) VALUES ('MY','{\"en\":\"Lumut\"}',100.63,4.23,'P','PPL','MY.07','MY.07.0909',39595,'Asia/Kuala_Lumpur',1,'2021-04-16 23:00:00','2021-04-16 23:00:00');
INSERT INTO `__PREFIX__cities` (`country_code`, `name`, `longitude`, `latitude`, `feature_class`, `feature_code`, `subadmin1_code`, `subadmin2_code`, `population`, `time_zone`, `active`, `created_at`, `updated_at`) VALUES ('MY','{\"en\":\"Teluk Intan\"}',101.02,4.02,'P','PPL','MY.07','MY.07.0902',63353,'Asia/Kuala_Lumpur',1,'2021-04-16 23:00:00','2021-04-16 23:00:00');
INSERT INTO `__PREFIX__cities` (`country_code`, `name`, `longitude`, `latitude`, `feature_class`, `feature_code`, `subadmin1_code`, `subadmin2_code`, `population`, `time_zone`, `active`, `created_at`, `updated_at`) VALUES ('MY','{\"en\":\"Gurun\"}',100.47,5.82,'P','PPL','MY.02','MY.02.0204',15964,'Asia/Kuala_Lumpur',1,'2021-04-16 23:00:00','2021-04-16 23:00:00');
INSERT INTO `__PREFIX__cities` (`country_code`, `name`, `longitude`, `latitude`, `feature_class`, `feature_code`, `subadmin1_code`, `subadmin2_code`, `population`, `time_zone`, `active`, `created_at`, `updated_at`) VALUES ('MY','{\"en\":\"Sungai Petani\"}',100.49,5.65,'P','PPL','MY.02','MY.02.0204',228843,'Asia/Kuala_Lumpur',1,'2021-04-16 23:00:00','2021-04-16 23:00:00');
INSERT INTO `__PREFIX__cities` (`country_code`, `name`, `longitude`, `latitude`, `feature_class`, `feature_code`, `subadmin1_code`, `subadmin2_code`, `population`, `time_zone`, `active`, `created_at`, `updated_at`) VALUES ('MY','{\"en\":\"Kepala Batas\"}',100.43,5.52,'P','PPL','MY.09','MY.09.1104',17131,'Asia/Kuala_Lumpur',1,'2021-04-16 23:00:00','2021-04-16 23:00:00');
INSERT INTO `__PREFIX__cities` (`country_code`, `name`, `longitude`, `latitude`, `feature_class`, `feature_code`, `subadmin1_code`, `subadmin2_code`, `population`, `time_zone`, `active`, `created_at`, `updated_at`) VALUES ('MY','{\"en\":\"Tanah Merah\"}',102.15,5.80,'P','PPL','MY.03','MY.03.0309',29116,'Asia/Kuala_Lumpur',1,'2021-04-16 23:00:00','2021-04-16 23:00:00');
INSERT INTO `__PREFIX__cities` (`country_code`, `name`, `longitude`, `latitude`, `feature_class`, `feature_code`, `subadmin1_code`, `subadmin2_code`, `population`, `time_zone`, `active`, `created_at`, `updated_at`) VALUES ('MY','{\"en\":\"Kuching\"}',110.33,1.55,'P','PPLA','MY.11','MY.11.1311',570407,'Asia/Kuching',1,'2021-04-16 23:00:00','2021-04-16 23:00:00');
INSERT INTO `__PREFIX__cities` (`country_code`, `name`, `longitude`, `latitude`, `feature_class`, `feature_code`, `subadmin1_code`, `subadmin2_code`, `population`, `time_zone`, `active`, `created_at`, `updated_at`) VALUES ('MY','{\"en\":\"Simanggang\"}',111.45,1.25,'P','PPL','MY.11','MY.11.1330',27207,'Asia/Kuching',1,'2021-04-16 23:00:00','2021-04-16 23:00:00');
INSERT INTO `__PREFIX__cities` (`country_code`, `name`, `longitude`, `latitude`, `feature_class`, `feature_code`, `subadmin1_code`, `subadmin2_code`, `population`, `time_zone`, `active`, `created_at`, `updated_at`) VALUES ('MY','{\"en\":\"Sarikei\"}',111.52,2.12,'P','PPL','MY.11','MY.11.1324',29281,'Asia/Kuching',1,'2021-04-16 23:00:00','2021-04-16 23:00:00');
INSERT INTO `__PREFIX__cities` (`country_code`, `name`, `longitude`, `latitude`, `feature_class`, `feature_code`, `subadmin1_code`, `subadmin2_code`, `population`, `time_zone`, `active`, `created_at`, `updated_at`) VALUES ('MY','{\"en\":\"Sibu\"}',111.82,2.30,'P','PPL','MY.11','MY.11.1327',198239,'Asia/Kuching',1,'2021-04-16 23:00:00','2021-04-16 23:00:00');
INSERT INTO `__PREFIX__cities` (`country_code`, `name`, `longitude`, `latitude`, `feature_class`, `feature_code`, `subadmin1_code`, `subadmin2_code`, `population`, `time_zone`, `active`, `created_at`, `updated_at`) VALUES ('MY','{\"en\":\"Kangar\"}',100.20,6.44,'P','PPLA','MY.08','MY.08.1001',63869,'Asia/Kuala_Lumpur',1,'2021-04-16 23:00:00','2021-04-16 23:00:00');
INSERT INTO `__PREFIX__cities` (`country_code`, `name`, `longitude`, `latitude`, `feature_class`, `feature_code`, `subadmin1_code`, `subadmin2_code`, `population`, `time_zone`, `active`, `created_at`, `updated_at`) VALUES ('MY','{\"en\":\"Kuala Perlis\"}',100.13,6.40,'P','PPL','MY.08','MY.08.1001',13917,'Asia/Kuala_Lumpur',1,'2021-04-16 23:00:00','2021-04-16 23:00:00');
INSERT INTO `__PREFIX__cities` (`country_code`, `name`, `longitude`, `latitude`, `feature_class`, `feature_code`, `subadmin1_code`, `subadmin2_code`, `population`, `time_zone`, `active`, `created_at`, `updated_at`) VALUES ('MY','{\"en\":\"Jitra\"}',100.42,6.27,'P','PPL','MY.02','MY.02.0205',63489,'Asia/Kuala_Lumpur',1,'2021-04-16 23:00:00','2021-04-16 23:00:00');
INSERT INTO `__PREFIX__cities` (`country_code`, `name`, `longitude`, `latitude`, `feature_class`, `feature_code`, `subadmin1_code`, `subadmin2_code`, `population`, `time_zone`, `active`, `created_at`, `updated_at`) VALUES ('MY','{\"en\":\"Kuala Kedah\"}',100.30,6.10,'P','PPL','MY.02','MY.02.0203',19231,'Asia/Kuala_Lumpur',1,'2021-04-16 23:00:00','2021-04-16 23:00:00');
INSERT INTO `__PREFIX__cities` (`country_code`, `name`, `longitude`, `latitude`, `feature_class`, `feature_code`, `subadmin1_code`, `subadmin2_code`, `population`, `time_zone`, `active`, `created_at`, `updated_at`) VALUES ('MY','{\"en\":\"Alor Setar\"}',100.36,6.12,'P','PPLA','MY.02','MY.02.0203',217368,'Asia/Kuala_Lumpur',1,'2021-04-16 23:00:00','2021-04-16 23:00:00');
INSERT INTO `__PREFIX__cities` (`country_code`, `name`, `longitude`, `latitude`, `feature_class`, `feature_code`, `subadmin1_code`, `subadmin2_code`, `population`, `time_zone`, `active`, `created_at`, `updated_at`) VALUES ('MY','{\"en\":\"Tumpat\"}',102.17,6.20,'P','PPLA2','MY.03','MY.03.0310',12280,'Asia/Kuala_Lumpur',1,'2021-04-16 23:00:00','2021-04-16 23:00:00');
INSERT INTO `__PREFIX__cities` (`country_code`, `name`, `longitude`, `latitude`, `feature_class`, `feature_code`, `subadmin1_code`, `subadmin2_code`, `population`, `time_zone`, `active`, `created_at`, `updated_at`) VALUES ('MY','{\"en\":\"Pasir Mas\"}',102.14,6.05,'P','PPLA2','MY.03','MY.03.0307',19017,'Asia/Kuala_Lumpur',1,'2021-04-16 23:00:00','2021-04-16 23:00:00');
INSERT INTO `__PREFIX__cities` (`country_code`, `name`, `longitude`, `latitude`, `feature_class`, `feature_code`, `subadmin1_code`, `subadmin2_code`, `population`, `time_zone`, `active`, `created_at`, `updated_at`) VALUES ('MY','{\"en\":\"Kota Bharu\"}',102.24,6.12,'P','PPLA','MY.03','MY.03.0304',1459994,'Asia/Kuala_Lumpur',1,'2021-04-16 23:00:00','2021-04-16 23:00:00');
INSERT INTO `__PREFIX__cities` (`country_code`, `name`, `longitude`, `latitude`, `feature_class`, `feature_code`, `subadmin1_code`, `subadmin2_code`, `population`, `time_zone`, `active`, `created_at`, `updated_at`) VALUES ('MY','{\"en\":\"Jertih\"}',102.49,5.73,'P','PPL','MY.13','MY.13.1501',13526,'Asia/Kuala_Lumpur',1,'2021-04-16 23:00:00','2021-04-16 23:00:00');
INSERT INTO `__PREFIX__cities` (`country_code`, `name`, `longitude`, `latitude`, `feature_class`, `feature_code`, `subadmin1_code`, `subadmin2_code`, `population`, `time_zone`, `active`, `created_at`, `updated_at`) VALUES ('MY','{\"en\":\"Kudat\"}',116.82,6.89,'P','PPL','MY.16',NULL,32393,'Asia/Kuching',1,'2020-10-31 23:00:00','2020-10-31 23:00:00');
INSERT INTO `__PREFIX__cities` (`country_code`, `name`, `longitude`, `latitude`, `feature_class`, `feature_code`, `subadmin1_code`, `subadmin2_code`, `population`, `time_zone`, `active`, `created_at`, `updated_at`) VALUES ('MY','{\"en\":\"Kota Belud\"}',116.43,6.35,'P','PPL','MY.16','MY.16.1205',12825,'Asia/Kuching',1,'2021-04-16 23:00:00','2021-04-16 23:00:00');
INSERT INTO `__PREFIX__cities` (`country_code`, `name`, `longitude`, `latitude`, `feature_class`, `feature_code`, `subadmin1_code`, `subadmin2_code`, `population`, `time_zone`, `active`, `created_at`, `updated_at`) VALUES ('MY','{\"en\":\"Kapit\"}',112.93,2.00,'P','PPL','MY.11','MY.11.1310',15771,'Asia/Kuching',1,'2021-04-19 23:00:00','2021-04-19 23:00:00');
INSERT INTO `__PREFIX__cities` (`country_code`, `name`, `longitude`, `latitude`, `feature_class`, `feature_code`, `subadmin1_code`, `subadmin2_code`, `population`, `time_zone`, `active`, `created_at`, `updated_at`) VALUES ('MY','{\"en\":\"Bintulu\"}',113.03,3.17,'P','PPL','MY.11','MY.11.1305',151617,'Asia/Kuching',1,'2021-04-16 23:00:00','2021-04-16 23:00:00');
INSERT INTO `__PREFIX__cities` (`country_code`, `name`, `longitude`, `latitude`, `feature_class`, `feature_code`, `subadmin1_code`, `subadmin2_code`, `population`, `time_zone`, `active`, `created_at`, `updated_at`) VALUES ('MY','{\"en\":\"Lawas\"}',115.41,4.86,'P','PPL','MY.11','MY.11.1312',38385,'Asia/Kuching',1,'2021-04-16 23:00:00','2021-04-16 23:00:00');
INSERT INTO `__PREFIX__cities` (`country_code`, `name`, `longitude`, `latitude`, `feature_class`, `feature_code`, `subadmin1_code`, `subadmin2_code`, `population`, `time_zone`, `active`, `created_at`, `updated_at`) VALUES ('MY','{\"en\":\"Limbang\"}',115.00,4.75,'P','PPL','MY.11','MY.11.1313',26199,'Asia/Kuching',1,'2021-04-16 23:00:00','2021-04-16 23:00:00');
INSERT INTO `__PREFIX__cities` (`country_code`, `name`, `longitude`, `latitude`, `feature_class`, `feature_code`, `subadmin1_code`, `subadmin2_code`, `population`, `time_zone`, `active`, `created_at`, `updated_at`) VALUES ('MY','{\"en\":\"Marudi\"}',114.32,4.18,'P','PPL','MY.11','MY.11.1316',90100,'Asia/Kuching',1,'2021-04-16 23:00:00','2021-04-16 23:00:00');
INSERT INTO `__PREFIX__cities` (`country_code`, `name`, `longitude`, `latitude`, `feature_class`, `feature_code`, `subadmin1_code`, `subadmin2_code`, `population`, `time_zone`, `active`, `created_at`, `updated_at`) VALUES ('MY','{\"en\":\"Miri\"}',113.99,4.40,'P','PPL','MY.11','MY.11.1319',228212,'Asia/Kuching',1,'2021-04-16 23:00:00','2021-04-16 23:00:00');
INSERT INTO `__PREFIX__cities` (`country_code`, `name`, `longitude`, `latitude`, `feature_class`, `feature_code`, `subadmin1_code`, `subadmin2_code`, `population`, `time_zone`, `active`, `created_at`, `updated_at`) VALUES ('MY','{\"en\":\"Ulu Tiram\"}',103.82,1.60,'P','PPL','MY.01','MY.01.0102',75350,'Asia/Kuala_Lumpur',1,'2021-04-16 23:00:00','2021-04-16 23:00:00');
INSERT INTO `__PREFIX__cities` (`country_code`, `name`, `longitude`, `latitude`, `feature_class`, `feature_code`, `subadmin1_code`, `subadmin2_code`, `population`, `time_zone`, `active`, `created_at`, `updated_at`) VALUES ('MY','{\"en\":\"Telaga Batu\"}',100.23,5.47,'P','PPL','MY.09',NULL,10000,'Asia/Kuala_Lumpur',1,'2016-03-09 23:00:00','2016-03-09 23:00:00');
INSERT INTO `__PREFIX__cities` (`country_code`, `name`, `longitude`, `latitude`, `feature_class`, `feature_code`, `subadmin1_code`, `subadmin2_code`, `population`, `time_zone`, `active`, `created_at`, `updated_at`) VALUES ('MY','{\"en\":\"Tanjung Tokong\"}',100.31,5.46,'P','PPL','MY.09','MY.09.1105',24071,'Asia/Kuala_Lumpur',1,'2021-04-16 23:00:00','2021-04-16 23:00:00');
INSERT INTO `__PREFIX__cities` (`country_code`, `name`, `longitude`, `latitude`, `feature_class`, `feature_code`, `subadmin1_code`, `subadmin2_code`, `population`, `time_zone`, `active`, `created_at`, `updated_at`) VALUES ('MY','{\"en\":\"Tanjung Sepat\"}',101.56,2.66,'P','PPL','MY.12','MY.12.1705',22340,'Asia/Kuala_Lumpur',1,'2021-04-16 23:00:00','2021-04-16 23:00:00');
INSERT INTO `__PREFIX__cities` (`country_code`, `name`, `longitude`, `latitude`, `feature_class`, `feature_code`, `subadmin1_code`, `subadmin2_code`, `population`, `time_zone`, `active`, `created_at`, `updated_at`) VALUES ('MY','{\"en\":\"Sungai Pelek New Village\"}',101.70,2.65,'P','PPL','MY.12','MY.12.1709',13829,'Asia/Kuala_Lumpur',1,'2021-04-16 23:00:00','2021-04-16 23:00:00');
INSERT INTO `__PREFIX__cities` (`country_code`, `name`, `longitude`, `latitude`, `feature_class`, `feature_code`, `subadmin1_code`, `subadmin2_code`, `population`, `time_zone`, `active`, `created_at`, `updated_at`) VALUES ('MY','{\"en\":\"Pulau Sebang\"}',102.23,2.46,'P','PPL','MY.04','MY.04.0601',11879,'Asia/Kuala_Lumpur',1,'2021-04-16 23:00:00','2021-04-16 23:00:00');
INSERT INTO `__PREFIX__cities` (`country_code`, `name`, `longitude`, `latitude`, `feature_class`, `feature_code`, `subadmin1_code`, `subadmin2_code`, `population`, `time_zone`, `active`, `created_at`, `updated_at`) VALUES ('MY','{\"en\":\"Permatang Kuching\"}',100.38,5.46,'P','PPL','MY.09','MY.09.1104',27191,'Asia/Kuala_Lumpur',1,'2021-04-16 23:00:00','2021-04-16 23:00:00');
INSERT INTO `__PREFIX__cities` (`country_code`, `name`, `longitude`, `latitude`, `feature_class`, `feature_code`, `subadmin1_code`, `subadmin2_code`, `population`, `time_zone`, `active`, `created_at`, `updated_at`) VALUES ('MY','{\"en\":\"Peringat\"}',102.28,6.03,'P','PPL','MY.03','MY.03.0304',23288,'Asia/Kuala_Lumpur',1,'2021-04-16 23:00:00','2021-04-16 23:00:00');
INSERT INTO `__PREFIX__cities` (`country_code`, `name`, `longitude`, `latitude`, `feature_class`, `feature_code`, `subadmin1_code`, `subadmin2_code`, `population`, `time_zone`, `active`, `created_at`, `updated_at`) VALUES ('MY','{\"en\":\"Ladang Seri Kundang\"}',101.52,3.29,'P','PPL','MY.12','MY.12.1701',23307,'Asia/Kuala_Lumpur',1,'2021-04-16 23:00:00','2021-04-16 23:00:00');
INSERT INTO `__PREFIX__cities` (`country_code`, `name`, `longitude`, `latitude`, `feature_class`, `feature_code`, `subadmin1_code`, `subadmin2_code`, `population`, `time_zone`, `active`, `created_at`, `updated_at`) VALUES ('MY','{\"en\":\"Pantai Remis\"}',100.63,4.46,'P','PPL','MY.07','MY.07.0909',16317,'Asia/Kuala_Lumpur',1,'2021-04-16 23:00:00','2021-04-16 23:00:00');
INSERT INTO `__PREFIX__cities` (`country_code`, `name`, `longitude`, `latitude`, `feature_class`, `feature_code`, `subadmin1_code`, `subadmin2_code`, `population`, `time_zone`, `active`, `created_at`, `updated_at`) VALUES ('MY','{\"en\":\"Kuang\"}',101.55,3.26,'P','PPL','MY.12','MY.12.1701',21185,'Asia/Kuala_Lumpur',1,'2021-04-16 23:00:00','2021-04-16 23:00:00');
INSERT INTO `__PREFIX__cities` (`country_code`, `name`, `longitude`, `latitude`, `feature_class`, `feature_code`, `subadmin1_code`, `subadmin2_code`, `population`, `time_zone`, `active`, `created_at`, `updated_at`) VALUES ('MY','{\"en\":\"Kuala Sungai Baru\"}',102.04,2.36,'P','PPL','MY.04','MY.04.0601',12269,'Asia/Kuala_Lumpur',1,'2021-04-16 23:00:00','2021-04-16 23:00:00');
INSERT INTO `__PREFIX__cities` (`country_code`, `name`, `longitude`, `latitude`, `feature_class`, `feature_code`, `subadmin1_code`, `subadmin2_code`, `population`, `time_zone`, `active`, `created_at`, `updated_at`) VALUES ('MY','{\"en\":\"Klebang Besar\"}',102.20,2.22,'P','PPL','MY.04','MY.04.0603',38643,'Asia/Kuala_Lumpur',1,'2021-04-16 23:00:00','2021-04-16 23:00:00');
INSERT INTO `__PREFIX__cities` (`country_code`, `name`, `longitude`, `latitude`, `feature_class`, `feature_code`, `subadmin1_code`, `subadmin2_code`, `population`, `time_zone`, `active`, `created_at`, `updated_at`) VALUES ('MY','{\"en\":\"Kelapa Sawit\"}',103.53,1.67,'P','PPL','MY.01','MY.01.0105',13239,'Asia/Kuala_Lumpur',1,'2021-04-16 23:00:00','2021-04-16 23:00:00');
INSERT INTO `__PREFIX__cities` (`country_code`, `name`, `longitude`, `latitude`, `feature_class`, `feature_code`, `subadmin1_code`, `subadmin2_code`, `population`, `time_zone`, `active`, `created_at`, `updated_at`) VALUES ('MY','{\"en\":\"Kampung Tanjung Karang\"}',101.18,3.42,'P','PPL','MY.12','MY.12.1706',16393,'Asia/Kuala_Lumpur',1,'2021-04-16 23:00:00','2021-04-16 23:00:00');
INSERT INTO `__PREFIX__cities` (`country_code`, `name`, `longitude`, `latitude`, `feature_class`, `feature_code`, `subadmin1_code`, `subadmin2_code`, `population`, `time_zone`, `active`, `created_at`, `updated_at`) VALUES ('MY','{\"en\":\"Kampung Sungai Ara\"}',100.27,5.33,'P','PPL','MY.09','MY.09.1101',140849,'Asia/Kuala_Lumpur',1,'2021-04-16 23:00:00','2021-04-16 23:00:00');
INSERT INTO `__PREFIX__cities` (`country_code`, `name`, `longitude`, `latitude`, `feature_class`, `feature_code`, `subadmin1_code`, `subadmin2_code`, `population`, `time_zone`, `active`, `created_at`, `updated_at`) VALUES ('MY','{\"en\":\"Kampung Simpang Renggam\"}',103.30,1.83,'P','PPL','MY.01','MY.01.0103',17528,'Asia/Kuala_Lumpur',1,'2021-04-16 23:00:00','2021-04-16 23:00:00');
INSERT INTO `__PREFIX__cities` (`country_code`, `name`, `longitude`, `latitude`, `feature_class`, `feature_code`, `subadmin1_code`, `subadmin2_code`, `population`, `time_zone`, `active`, `created_at`, `updated_at`) VALUES ('MY','{\"en\":\"Kampong Pangkal Kalong\"}',102.22,5.92,'P','PPL','MY.03','MY.03.0304',39904,'Asia/Kuala_Lumpur',1,'2021-04-16 23:00:00','2021-04-16 23:00:00');
INSERT INTO `__PREFIX__cities` (`country_code`, `name`, `longitude`, `latitude`, `feature_class`, `feature_code`, `subadmin1_code`, `subadmin2_code`, `population`, `time_zone`, `active`, `created_at`, `updated_at`) VALUES ('MY','{\"en\":\"Kampong Masjid Tanah\"}',102.12,2.35,'P','PPL','MY.04','MY.04.0601',29185,'Asia/Kuala_Lumpur',1,'2021-04-16 23:00:00','2021-04-16 23:00:00');
INSERT INTO `__PREFIX__cities` (`country_code`, `name`, `longitude`, `latitude`, `feature_class`, `feature_code`, `subadmin1_code`, `subadmin2_code`, `population`, `time_zone`, `active`, `created_at`, `updated_at`) VALUES ('MY','{\"en\":\"Kampong Kadok\"}',102.25,6.00,'P','PPL','MY.03','MY.03.0304',19233,'Asia/Kuala_Lumpur',1,'2021-04-16 23:00:00','2021-04-16 23:00:00');
INSERT INTO `__PREFIX__cities` (`country_code`, `name`, `longitude`, `latitude`, `feature_class`, `feature_code`, `subadmin1_code`, `subadmin2_code`, `population`, `time_zone`, `active`, `created_at`, `updated_at`) VALUES ('MY','{\"en\":\"Kampong Dungun\"}',101.32,3.22,'P','PPL','MY.07',NULL,58674,'Asia/Kuala_Lumpur',1,'2013-10-28 23:00:00','2013-10-28 23:00:00');
INSERT INTO `__PREFIX__cities` (`country_code`, `name`, `longitude`, `latitude`, `feature_class`, `feature_code`, `subadmin1_code`, `subadmin2_code`, `population`, `time_zone`, `active`, `created_at`, `updated_at`) VALUES ('MY','{\"en\":\"Kampung Bukit Baharu\"}',102.29,2.22,'P','PPL','MY.04','MY.04.0603',55656,'Asia/Kuala_Lumpur',1,'2021-04-16 23:00:00','2021-04-16 23:00:00');
INSERT INTO `__PREFIX__cities` (`country_code`, `name`, `longitude`, `latitude`, `feature_class`, `feature_code`, `subadmin1_code`, `subadmin2_code`, `population`, `time_zone`, `active`, `created_at`, `updated_at`) VALUES ('MY','{\"en\":\"Kampung Baru Subang\"}',101.53,3.15,'P','PPL','MY.12','MY.12.1707',833571,'Asia/Kuala_Lumpur',1,'2021-04-16 23:00:00','2021-04-16 23:00:00');
INSERT INTO `__PREFIX__cities` (`country_code`, `name`, `longitude`, `latitude`, `feature_class`, `feature_code`, `subadmin1_code`, `subadmin2_code`, `population`, `time_zone`, `active`, `created_at`, `updated_at`) VALUES ('MY','{\"en\":\"Kampung Baharu Nilai\"}',101.80,2.80,'P','PPL','MY.05','MY.05.0706',36720,'Asia/Kuala_Lumpur',1,'2021-04-16 23:00:00','2021-04-16 23:00:00');
INSERT INTO `__PREFIX__cities` (`country_code`, `name`, `longitude`, `latitude`, `feature_class`, `feature_code`, `subadmin1_code`, `subadmin2_code`, `population`, `time_zone`, `active`, `created_at`, `updated_at`) VALUES ('MY','{\"en\":\"Kampong Baharu Balakong\"}',101.75,3.03,'P','PPL','MY.12','MY.12.1702',69302,'Asia/Kuala_Lumpur',1,'2021-04-16 23:00:00','2021-04-16 23:00:00');
INSERT INTO `__PREFIX__cities` (`country_code`, `name`, `longitude`, `latitude`, `feature_class`, `feature_code`, `subadmin1_code`, `subadmin2_code`, `population`, `time_zone`, `active`, `created_at`, `updated_at`) VALUES ('MY','{\"en\":\"Kampung Ayer Molek\"}',102.33,2.21,'P','PPL','MY.04','MY.04.0603',15497,'Asia/Kuala_Lumpur',1,'2021-04-16 23:00:00','2021-04-16 23:00:00');
INSERT INTO `__PREFIX__cities` (`country_code`, `name`, `longitude`, `latitude`, `feature_class`, `feature_code`, `subadmin1_code`, `subadmin2_code`, `population`, `time_zone`, `active`, `created_at`, `updated_at`) VALUES ('MY','{\"en\":\"Juru\"}',100.44,5.31,'P','PPL','MY.09','MY.09.1103',12265,'Asia/Kuala_Lumpur',1,'2021-04-16 23:00:00','2021-04-16 23:00:00');
INSERT INTO `__PREFIX__cities` (`country_code`, `name`, `longitude`, `latitude`, `feature_class`, `feature_code`, `subadmin1_code`, `subadmin2_code`, `population`, `time_zone`, `active`, `created_at`, `updated_at`) VALUES ('MY','{\"en\":\"Bukit Rambai\"}',102.18,2.26,'P','PPL','MY.04','MY.04.0603',17391,'Asia/Kuala_Lumpur',1,'2021-04-16 23:00:00','2021-04-16 23:00:00');
INSERT INTO `__PREFIX__cities` (`country_code`, `name`, `longitude`, `latitude`, `feature_class`, `feature_code`, `subadmin1_code`, `subadmin2_code`, `population`, `time_zone`, `active`, `created_at`, `updated_at`) VALUES ('MY','{\"en\":\"Bentong Town\"}',101.91,3.52,'P','PPL','MY.06','MY.06.0801',49213,'Asia/Kuala_Lumpur',1,'2021-04-16 23:00:00','2021-04-16 23:00:00');
INSERT INTO `__PREFIX__cities` (`country_code`, `name`, `longitude`, `latitude`, `feature_class`, `feature_code`, `subadmin1_code`, `subadmin2_code`, `population`, `time_zone`, `active`, `created_at`, `updated_at`) VALUES ('MY','{\"en\":\"Bemban\"}',102.37,2.27,'P','PPL','MY.04','MY.04.0602',14329,'Asia/Kuala_Lumpur',1,'2021-04-16 23:00:00','2021-04-16 23:00:00');
INSERT INTO `__PREFIX__cities` (`country_code`, `name`, `longitude`, `latitude`, `feature_class`, `feature_code`, `subadmin1_code`, `subadmin2_code`, `population`, `time_zone`, `active`, `created_at`, `updated_at`) VALUES ('MY','{\"en\":\"Batu Berendam\"}',102.25,2.25,'P','PPL','MY.04','MY.04.0603',25028,'Asia/Kuala_Lumpur',1,'2021-04-16 23:00:00','2021-04-16 23:00:00');
INSERT INTO `__PREFIX__cities` (`country_code`, `name`, `longitude`, `latitude`, `feature_class`, `feature_code`, `subadmin1_code`, `subadmin2_code`, `population`, `time_zone`, `active`, `created_at`, `updated_at`) VALUES ('MY','{\"en\":\"Putrajaya\"}',101.69,2.94,'P','PPLG','MY.17','MY.17.1601',50000,'Asia/Kuala_Lumpur',1,'2021-04-16 23:00:00','2021-04-16 23:00:00');
INSERT INTO `__PREFIX__cities` (`country_code`, `name`, `longitude`, `latitude`, `feature_class`, `feature_code`, `subadmin1_code`, `subadmin2_code`, `population`, `time_zone`, `active`, `created_at`, `updated_at`) VALUES ('MY','{\"en\":\"Bandar Labuan\"}',115.27,5.29,'P','PPL','MY.16',NULL,54752,'Asia/Kuching',1,'2010-06-16 23:00:00','2010-06-16 23:00:00');
INSERT INTO `__PREFIX__cities` (`country_code`, `name`, `longitude`, `latitude`, `feature_class`, `feature_code`, `subadmin1_code`, `subadmin2_code`, `population`, `time_zone`, `active`, `created_at`, `updated_at`) VALUES ('MY','{\"en\":\"Subang Jaya\"}',101.58,3.04,'P','PPLX','MY.12','MY.12.1707',708296,'Asia/Kuala_Lumpur',1,'2021-04-16 23:00:00','2021-04-16 23:00:00');
INSERT INTO `__PREFIX__cities` (`country_code`, `name`, `longitude`, `latitude`, `feature_class`, `feature_code`, `subadmin1_code`, `subadmin2_code`, `population`, `time_zone`, `active`, `created_at`, `updated_at`) VALUES ('MY','{\"en\":\"Taman Rajawali\"}',118.05,5.89,'P','PPL','MY.16','MY.16.1218',10000,'Asia/Kuching',1,'2021-07-26 23:00:00','2021-07-26 23:00:00');
INSERT INTO `__PREFIX__cities` (`country_code`, `name`, `longitude`, `latitude`, `feature_class`, `feature_code`, `subadmin1_code`, `subadmin2_code`, `population`, `time_zone`, `active`, `created_at`, `updated_at`) VALUES ('MY','{\"en\":\"Putra Heights\"}',101.57,2.99,'P','PPL','MY.12','MY.12.1707',60000,'Asia/Kuala_Lumpur',1,'2021-04-16 23:00:00','2021-04-16 23:00:00');
INSERT INTO `__PREFIX__cities` (`country_code`, `name`, `longitude`, `latitude`, `feature_class`, `feature_code`, `subadmin1_code`, `subadmin2_code`, `population`, `time_zone`, `active`, `created_at`, `updated_at`) VALUES ('MY','{\"en\":\"Pantai Cenang\"}',99.73,6.29,'P','PPL','MY.08',NULL,15000,'Asia/Kuala_Lumpur',1,'2016-03-26 23:00:00','2016-03-26 23:00:00');
/*!40000 ALTER TABLE `__PREFIX__cities` ENABLE KEYS */;
/*!40103 SET TIME_ZONE=@OLD_TIME_ZONE */;

/*!40101 SET SQL_MODE=@OLD_SQL_MODE */;
/*!40014 SET FOREIGN_KEY_CHECKS=@OLD_FOREIGN_KEY_CHECKS */;
/*!40014 SET UNIQUE_CHECKS=@OLD_UNIQUE_CHECKS */;
/*!40101 SET CHARACTER_SET_CLIENT=@OLD_CHARACTER_SET_CLIENT */;
/*!40101 SET CHARACTER_SET_RESULTS=@OLD_CHARACTER_SET_RESULTS */;
/*!40101 SET COLLATION_CONNECTION=@OLD_COLLATION_CONNECTION */;
/*!40111 SET SQL_NOTES=@OLD_SQL_NOTES */;

-- Dump completed
