-- MySQL dump 10.13  Distrib 5.7.34, for osx10.12 (x86_64)
--
-- Host: 127.0.0.1    Database: laraclassifier
-- ------------------------------------------------------
-- Server version	5.7.34

/*!40101 SET @OLD_CHARACTER_SET_CLIENT=@@CHARACTER_SET_CLIENT */;
/*!40101 SET @OLD_CHARACTER_SET_RESULTS=@@CHARACTER_SET_RESULTS */;
/*!40101 SET @OLD_COLLATION_CONNECTION=@@COLLATION_CONNECTION */;
/*!40101 SET NAMES utf8 */;
/*!40103 SET @OLD_TIME_ZONE=@@TIME_ZONE */;
/*!40103 SET TIME_ZONE='+00:00' */;
/*!40014 SET @OLD_UNIQUE_CHECKS=@@UNIQUE_CHECKS, UNIQUE_CHECKS=0 */;
/*!40014 SET @OLD_FOREIGN_KEY_CHECKS=@@FOREIGN_KEY_CHECKS, FOREIGN_KEY_CHECKS=0 */;
/*!40101 SET @OLD_SQL_MODE=@@SQL_MODE, SQL_MODE='NO_AUTO_VALUE_ON_ZERO' */;
/*!40111 SET @OLD_SQL_NOTES=@@SQL_NOTES, SQL_NOTES=0 */;

--
-- Dumping data for table `__PREFIX__subadmin1`
--

/*!40000 ALTER TABLE `__PREFIX__subadmin1` DISABLE KEYS */;
INSERT INTO `__PREFIX__subadmin1` (`code`, `country_code`, `name`, `active`) VALUES ('VE.23','VE','{\"en\":\"Zulia\"}',1);
INSERT INTO `__PREFIX__subadmin1` (`code`, `country_code`, `name`, `active`) VALUES ('VE.22','VE','{\"en\":\"Yaracuy\"}',1);
INSERT INTO `__PREFIX__subadmin1` (`code`, `country_code`, `name`, `active`) VALUES ('VE.21','VE','{\"en\":\"Trujillo\"}',1);
INSERT INTO `__PREFIX__subadmin1` (`code`, `country_code`, `name`, `active`) VALUES ('VE.20','VE','{\"en\":\"Táchira\"}',1);
INSERT INTO `__PREFIX__subadmin1` (`code`, `country_code`, `name`, `active`) VALUES ('VE.19','VE','{\"en\":\"Sucre\"}',1);
INSERT INTO `__PREFIX__subadmin1` (`code`, `country_code`, `name`, `active`) VALUES ('VE.18','VE','{\"en\":\"Portuguesa\"}',1);
INSERT INTO `__PREFIX__subadmin1` (`code`, `country_code`, `name`, `active`) VALUES ('VE.17','VE','{\"en\":\"Nueva Esparta\"}',1);
INSERT INTO `__PREFIX__subadmin1` (`code`, `country_code`, `name`, `active`) VALUES ('VE.16','VE','{\"en\":\"Monagas\"}',1);
INSERT INTO `__PREFIX__subadmin1` (`code`, `country_code`, `name`, `active`) VALUES ('VE.15','VE','{\"en\":\"Miranda\"}',1);
INSERT INTO `__PREFIX__subadmin1` (`code`, `country_code`, `name`, `active`) VALUES ('VE.14','VE','{\"en\":\"Mérida\"}',1);
INSERT INTO `__PREFIX__subadmin1` (`code`, `country_code`, `name`, `active`) VALUES ('VE.13','VE','{\"en\":\"Lara\"}',1);
INSERT INTO `__PREFIX__subadmin1` (`code`, `country_code`, `name`, `active`) VALUES ('VE.12','VE','{\"en\":\"Guárico\"}',1);
INSERT INTO `__PREFIX__subadmin1` (`code`, `country_code`, `name`, `active`) VALUES ('VE.24','VE','{\"en\":\"Dependencias Federales\"}',1);
INSERT INTO `__PREFIX__subadmin1` (`code`, `country_code`, `name`, `active`) VALUES ('VE.25','VE','{\"en\":\"Distrito Federal\"}',1);
INSERT INTO `__PREFIX__subadmin1` (`code`, `country_code`, `name`, `active`) VALUES ('VE.11','VE','{\"en\":\"Falcón\"}',1);
INSERT INTO `__PREFIX__subadmin1` (`code`, `country_code`, `name`, `active`) VALUES ('VE.09','VE','{\"en\":\"Delta Amacuro\"}',1);
INSERT INTO `__PREFIX__subadmin1` (`code`, `country_code`, `name`, `active`) VALUES ('VE.08','VE','{\"en\":\"Cojedes\"}',1);
INSERT INTO `__PREFIX__subadmin1` (`code`, `country_code`, `name`, `active`) VALUES ('VE.07','VE','{\"en\":\"Carabobo\"}',1);
INSERT INTO `__PREFIX__subadmin1` (`code`, `country_code`, `name`, `active`) VALUES ('VE.06','VE','{\"en\":\"Bolívar\"}',1);
INSERT INTO `__PREFIX__subadmin1` (`code`, `country_code`, `name`, `active`) VALUES ('VE.05','VE','{\"en\":\"Barinas\"}',1);
INSERT INTO `__PREFIX__subadmin1` (`code`, `country_code`, `name`, `active`) VALUES ('VE.04','VE','{\"en\":\"Aragua\"}',1);
INSERT INTO `__PREFIX__subadmin1` (`code`, `country_code`, `name`, `active`) VALUES ('VE.03','VE','{\"en\":\"Apure\"}',1);
INSERT INTO `__PREFIX__subadmin1` (`code`, `country_code`, `name`, `active`) VALUES ('VE.02','VE','{\"en\":\"Anzoátegui\"}',1);
INSERT INTO `__PREFIX__subadmin1` (`code`, `country_code`, `name`, `active`) VALUES ('VE.01','VE','{\"en\":\"Amazonas\"}',1);
INSERT INTO `__PREFIX__subadmin1` (`code`, `country_code`, `name`, `active`) VALUES ('VE.26','VE','{\"en\":\"Vargas\"}',1);
/*!40000 ALTER TABLE `__PREFIX__subadmin1` ENABLE KEYS */;

--
-- Dumping data for table `__PREFIX__subadmin2`
--

/*!40000 ALTER TABLE `__PREFIX__subadmin2` DISABLE KEYS */;
INSERT INTO `__PREFIX__subadmin2` (`code`, `country_code`, `subadmin1_code`, `name`, `active`) VALUES ('VE.11.1125','VE','VE.11','{\"en\":\"Municipio Zamora\"}',1);
INSERT INTO `__PREFIX__subadmin2` (`code`, `country_code`, `subadmin1_code`, `name`, `active`) VALUES ('VE.15.1521','VE','VE.15','{\"en\":\"Municipio Zamora\"}',1);
INSERT INTO `__PREFIX__subadmin2` (`code`, `country_code`, `subadmin1_code`, `name`, `active`) VALUES ('VE.04.0516','VE','VE.04','{\"en\":\"Municipio Zamora\"}',1);
INSERT INTO `__PREFIX__subadmin2` (`code`, `country_code`, `subadmin1_code`, `name`, `active`) VALUES ('VE.17.1711','VE','VE.17','{\"en\":\"Municipio Villalba\"}',1);
INSERT INTO `__PREFIX__subadmin2` (`code`, `country_code`, `subadmin1_code`, `name`, `active`) VALUES ('VE.21.2120','VE','VE.21','{\"en\":\"Municipio Valera\"}',1);
INSERT INTO `__PREFIX__subadmin2` (`code`, `country_code`, `subadmin1_code`, `name`, `active`) VALUES ('VE.07.0814','VE','VE.07','{\"en\":\"Municipio Valencia\"}',1);
INSERT INTO `__PREFIX__subadmin2` (`code`, `country_code`, `subadmin1_code`, `name`, `active`) VALUES ('VE.20.2028','VE','VE.20','{\"en\":\"Municipio Uribante\"}',1);
INSERT INTO `__PREFIX__subadmin2` (`code`, `country_code`, `subadmin1_code`, `name`, `active`) VALUES ('VE.13.1309','VE','VE.13','{\"en\":\"Municipio Urdaneta\"}',1);
INSERT INTO `__PREFIX__subadmin2` (`code`, `country_code`, `subadmin1_code`, `name`, `active`) VALUES ('VE.15.1520','VE','VE.15','{\"en\":\"Municipio Urdaneta\"}',1);
INSERT INTO `__PREFIX__subadmin2` (`code`, `country_code`, `subadmin1_code`, `name`, `active`) VALUES ('VE.04.0515','VE','VE.04','{\"en\":\"Municipio Urdaneta\"}',1);
INSERT INTO `__PREFIX__subadmin2` (`code`, `country_code`, `subadmin1_code`, `name`, `active`) VALUES ('VE.21.2119','VE','VE.21','{\"en\":\"Municipio Urdaneta\"}',1);
INSERT INTO `__PREFIX__subadmin2` (`code`, `country_code`, `subadmin1_code`, `name`, `active`) VALUES ('VE.22.2213','VE','VE.22','{\"en\":\"Municipio Urachiche\"}',1);
INSERT INTO `__PREFIX__subadmin2` (`code`, `country_code`, `subadmin1_code`, `name`, `active`) VALUES ('VE.18.1814','VE','VE.18','{\"en\":\"Municipio Turén\"}',1);
INSERT INTO `__PREFIX__subadmin2` (`code`, `country_code`, `subadmin1_code`, `name`, `active`) VALUES ('VE.09.1004','VE','VE.09','{\"en\":\"Municipio Tucupita\"}',1);
INSERT INTO `__PREFIX__subadmin2` (`code`, `country_code`, `subadmin1_code`, `name`, `active`) VALUES ('VE.17.1710','VE','VE.17','{\"en\":\"Municipio Tubores\"}',1);
INSERT INTO `__PREFIX__subadmin2` (`code`, `country_code`, `subadmin1_code`, `name`, `active`) VALUES ('VE.21.2118','VE','VE.21','{\"en\":\"Municipio Trujillo\"}',1);
INSERT INTO `__PREFIX__subadmin2` (`code`, `country_code`, `subadmin1_code`, `name`, `active`) VALUES ('VE.14.1421','VE','VE.14','{\"en\":\"Municipio Tovar\"}',1);
INSERT INTO `__PREFIX__subadmin2` (`code`, `country_code`, `subadmin1_code`, `name`, `active`) VALUES ('VE.13.1308','VE','VE.13','{\"en\":\"Municipio Torres\"}',1);
INSERT INTO `__PREFIX__subadmin2` (`code`, `country_code`, `subadmin1_code`, `name`, `active`) VALUES ('VE.08.0909','VE','VE.08','{\"en\":\"Municipio Tinaco\"}',1);
INSERT INTO `__PREFIX__subadmin2` (`code`, `country_code`, `subadmin1_code`, `name`, `active`) VALUES ('VE.19.1914','VE','VE.19','{\"en\":\"Municipio Sucre\"}',1);
INSERT INTO `__PREFIX__subadmin2` (`code`, `country_code`, `subadmin1_code`, `name`, `active`) VALUES ('VE.22.2212','VE','VE.22','{\"en\":\"Municipio Sucre\"}',1);
INSERT INTO `__PREFIX__subadmin2` (`code`, `country_code`, `subadmin1_code`, `name`, `active`) VALUES ('VE.04.0513','VE','VE.04','{\"en\":\"Municipio Sucre\"}',1);
INSERT INTO `__PREFIX__subadmin2` (`code`, `country_code`, `subadmin1_code`, `name`, `active`) VALUES ('VE.18.1813','VE','VE.18','{\"en\":\"Municipio Sucre\"}',1);
INSERT INTO `__PREFIX__subadmin2` (`code`, `country_code`, `subadmin1_code`, `name`, `active`) VALUES ('VE.23.2320','VE','VE.23','{\"en\":\"Municipio Sucre\"}',1);
INSERT INTO `__PREFIX__subadmin2` (`code`, `country_code`, `subadmin1_code`, `name`, `active`) VALUES ('VE.14.1420','VE','VE.14','{\"en\":\"Municipio Sucre\"}',1);
INSERT INTO `__PREFIX__subadmin2` (`code`, `country_code`, `subadmin1_code`, `name`, `active`) VALUES ('VE.20.2026','VE','VE.20','{\"en\":\"Municipio Sucre\"}',1);
INSERT INTO `__PREFIX__subadmin2` (`code`, `country_code`, `subadmin1_code`, `name`, `active`) VALUES ('VE.06.0710','VE','VE.06','{\"en\":\"Municipio Sucre\"}',1);
INSERT INTO `__PREFIX__subadmin2` (`code`, `country_code`, `subadmin1_code`, `name`, `active`) VALUES ('VE.16.1612','VE','VE.16','{\"en\":\"Municipio Sotillo\"}',1);
INSERT INTO `__PREFIX__subadmin2` (`code`, `country_code`, `subadmin1_code`, `name`, `active`) VALUES ('VE.05.0611','VE','VE.05','{\"en\":\"Municipio Sosa\"}',1);
INSERT INTO `__PREFIX__subadmin2` (`code`, `country_code`, `subadmin1_code`, `name`, `active`) VALUES ('VE.02.0319','VE','VE.02','{\"en\":\"Municipio Simón Rodríguez\"}',1);
INSERT INTO `__PREFIX__subadmin2` (`code`, `country_code`, `subadmin1_code`, `name`, `active`) VALUES ('VE.11.1120','VE','VE.11','{\"en\":\"Municipio Silva\"}',1);
INSERT INTO `__PREFIX__subadmin2` (`code`, `country_code`, `subadmin1_code`, `name`, `active`) VALUES ('VE.04.0510','VE','VE.04','{\"en\":\"Municipio San Sebastián\"}',1);
INSERT INTO `__PREFIX__subadmin2` (`code`, `country_code`, `subadmin1_code`, `name`, `active`) VALUES ('VE.03.0407','VE','VE.03','{\"en\":\"Municipio San Fernando\"}',1);
INSERT INTO `__PREFIX__subadmin2` (`code`, `country_code`, `subadmin1_code`, `name`, `active`) VALUES ('VE.22.2211','VE','VE.22','{\"en\":\"Municipio San Felipe\"}',1);
INSERT INTO `__PREFIX__subadmin2` (`code`, `country_code`, `subadmin1_code`, `name`, `active`) VALUES ('VE.20.2023','VE','VE.20','{\"en\":\"Municipio San Cristóbal\"}',1);
INSERT INTO `__PREFIX__subadmin2` (`code`, `country_code`, `subadmin1_code`, `name`, `active`) VALUES ('VE.04.0509','VE','VE.04','{\"en\":\"Municipio San Casimiro\"}',1);
INSERT INTO `__PREFIX__subadmin2` (`code`, `country_code`, `subadmin1_code`, `name`, `active`) VALUES ('VE.08.0908','VE','VE.08','{\"en\":\"Municipio San Carlos\"}',1);
INSERT INTO `__PREFIX__subadmin2` (`code`, `country_code`, `subadmin1_code`, `name`, `active`) VALUES ('VE.06.0708','VE','VE.06','{\"en\":\"Municipio Roscio\"}',1);
INSERT INTO `__PREFIX__subadmin2` (`code`, `country_code`, `subadmin1_code`, `name`, `active`) VALUES ('VE.03.0406','VE','VE.03','{\"en\":\"Municipio Rómulo Gallegos\"}',1);
INSERT INTO `__PREFIX__subadmin2` (`code`, `country_code`, `subadmin1_code`, `name`, `active`) VALUES ('VE.05.0610','VE','VE.05','{\"en\":\"Municipio Rojas\"}',1);
INSERT INTO `__PREFIX__subadmin2` (`code`, `country_code`, `subadmin1_code`, `name`, `active`) VALUES ('VE.14.1418','VE','VE.14','{\"en\":\"Municipio Rivas Dávila\"}',1);
INSERT INTO `__PREFIX__subadmin2` (`code`, `country_code`, `subadmin1_code`, `name`, `active`) VALUES ('VE.01.0207','VE','VE.01','{\"en\":\"Municipio Autónomo Río Negro\"}',1);
INSERT INTO `__PREFIX__subadmin2` (`code`, `country_code`, `subadmin1_code`, `name`, `active`) VALUES ('VE.08.0906','VE','VE.08','{\"en\":\"Municipio Ricaurte\"}',1);
INSERT INTO `__PREFIX__subadmin2` (`code`, `country_code`, `subadmin1_code`, `name`, `active`) VALUES ('VE.19.1913','VE','VE.19','{\"en\":\"Municipio Ribero\"}',1);
INSERT INTO `__PREFIX__subadmin2` (`code`, `country_code`, `subadmin1_code`, `name`, `active`) VALUES ('VE.14.1417','VE','VE.14','{\"en\":\"Municipio Rangel\"}',1);
INSERT INTO `__PREFIX__subadmin2` (`code`, `country_code`, `subadmin1_code`, `name`, `active`) VALUES ('VE.07.0811','VE','VE.07','{\"en\":\"Municipio Puerto Cabello\"}',1);
INSERT INTO `__PREFIX__subadmin2` (`code`, `country_code`, `subadmin1_code`, `name`, `active`) VALUES ('VE.15.1517','VE','VE.15','{\"en\":\"Municipio Plaza\"}',1);
INSERT INTO `__PREFIX__subadmin2` (`code`, `country_code`, `subadmin1_code`, `name`, `active`) VALUES ('VE.16.1609','VE','VE.16','{\"en\":\"Municipio Piar\"}',1);
INSERT INTO `__PREFIX__subadmin2` (`code`, `country_code`, `subadmin1_code`, `name`, `active`) VALUES ('VE.06.0706','VE','VE.06','{\"en\":\"Municipio Piar\"}',1);
INSERT INTO `__PREFIX__subadmin2` (`code`, `country_code`, `subadmin1_code`, `name`, `active`) VALUES ('VE.11.1117','VE','VE.11','{\"en\":\"Municipio Petit\"}',1);
INSERT INTO `__PREFIX__subadmin2` (`code`, `country_code`, `subadmin1_code`, `name`, `active`) VALUES ('VE.17.1709','VE','VE.17','{\"en\":\"Municipio Península de Macanao\"}',1);
INSERT INTO `__PREFIX__subadmin2` (`code`, `country_code`, `subadmin1_code`, `name`, `active`) VALUES ('VE.20.2020','VE','VE.20','{\"en\":\"Municipio Pedro María Ureña\"}',1);
INSERT INTO `__PREFIX__subadmin2` (`code`, `country_code`, `subadmin1_code`, `name`, `active`) VALUES ('VE.03.0405','VE','VE.03','{\"en\":\"Municipio Pedro Camejo\"}',1);
INSERT INTO `__PREFIX__subadmin2` (`code`, `country_code`, `subadmin1_code`, `name`, `active`) VALUES ('VE.05.0609','VE','VE.05','{\"en\":\"Municipio Pedraza\"}',1);
INSERT INTO `__PREFIX__subadmin2` (`code`, `country_code`, `subadmin1_code`, `name`, `active`) VALUES ('VE.15.1515','VE','VE.15','{\"en\":\"Municipio Paz Castillo\"}',1);
INSERT INTO `__PREFIX__subadmin2` (`code`, `country_code`, `subadmin1_code`, `name`, `active`) VALUES ('VE.20.2019','VE','VE.20','{\"en\":\"Municipio Panamericano\"}',1);
INSERT INTO `__PREFIX__subadmin2` (`code`, `country_code`, `subadmin1_code`, `name`, `active`) VALUES ('VE.13.1306','VE','VE.13','{\"en\":\"Municipio Palavecino\"}',1);
INSERT INTO `__PREFIX__subadmin2` (`code`, `country_code`, `subadmin1_code`, `name`, `active`) VALUES ('VE.23.2315','VE','VE.23','{\"en\":\"Municipio Páez\"}',1);
INSERT INTO `__PREFIX__subadmin2` (`code`, `country_code`, `subadmin1_code`, `name`, `active`) VALUES ('VE.15.1514','VE','VE.15','{\"en\":\"Municipio Páez\"}',1);
INSERT INTO `__PREFIX__subadmin2` (`code`, `country_code`, `subadmin1_code`, `name`, `active`) VALUES ('VE.18.1808','VE','VE.18','{\"en\":\"Municipio Páez\"}',1);
INSERT INTO `__PREFIX__subadmin2` (`code`, `country_code`, `subadmin1_code`, `name`, `active`) VALUES ('VE.03.0404','VE','VE.03','{\"en\":\"Municipio Páez\"}',1);
INSERT INTO `__PREFIX__subadmin2` (`code`, `country_code`, `subadmin1_code`, `name`, `active`) VALUES ('VE.18.1807','VE','VE.18','{\"en\":\"Municipio Ospino\"}',1);
INSERT INTO `__PREFIX__subadmin2` (`code`, `country_code`, `subadmin1_code`, `name`, `active`) VALUES ('VE.05.0608','VE','VE.05','{\"en\":\"Municipio Obispos\"}',1);
INSERT INTO `__PREFIX__subadmin2` (`code`, `country_code`, `subadmin1_code`, `name`, `active`) VALUES ('VE.22.2209','VE','VE.22','{\"en\":\"Municipio Nirgua\"}',1);
INSERT INTO `__PREFIX__subadmin2` (`code`, `country_code`, `subadmin1_code`, `name`, `active`) VALUES ('VE.03.0403','VE','VE.03','{\"en\":\"Municipio Muñoz\"}',1);
INSERT INTO `__PREFIX__subadmin2` (`code`, `country_code`, `subadmin1_code`, `name`, `active`) VALUES ('VE.13.1305','VE','VE.13','{\"en\":\"Municipio Morán\"}',1);
INSERT INTO `__PREFIX__subadmin2` (`code`, `country_code`, `subadmin1_code`, `name`, `active`) VALUES ('VE.19.1912','VE','VE.19','{\"en\":\"Municipio Montes\"}',1);
INSERT INTO `__PREFIX__subadmin2` (`code`, `country_code`, `subadmin1_code`, `name`, `active`) VALUES ('VE.07.0809','VE','VE.07','{\"en\":\"Municipio Montalbán\"}',1);
INSERT INTO `__PREFIX__subadmin2` (`code`, `country_code`, `subadmin1_code`, `name`, `active`) VALUES ('VE.11.1114','VE','VE.11','{\"en\":\"Municipio Miranda\"}',1);
INSERT INTO `__PREFIX__subadmin2` (`code`, `country_code`, `subadmin1_code`, `name`, `active`) VALUES ('VE.23.2314','VE','VE.23','{\"en\":\"Municipio Miranda\"}',1);
INSERT INTO `__PREFIX__subadmin2` (`code`, `country_code`, `subadmin1_code`, `name`, `active`) VALUES ('VE.14.1413','VE','VE.14','{\"en\":\"Municipio Miranda\"}',1);
INSERT INTO `__PREFIX__subadmin2` (`code`, `country_code`, `subadmin1_code`, `name`, `active`) VALUES ('VE.20.2018','VE','VE.20','{\"en\":\"Municipio Michelena\"}',1);
INSERT INTO `__PREFIX__subadmin2` (`code`, `country_code`, `subadmin1_code`, `name`, `active`) VALUES ('VE.19.1911','VE','VE.19','{\"en\":\"Municipio Mejía\"}',1);
INSERT INTO `__PREFIX__subadmin2` (`code`, `country_code`, `subadmin1_code`, `name`, `active`) VALUES ('VE.11.1113','VE','VE.11','{\"en\":\"Municipio Mauroa\"}',1);
INSERT INTO `__PREFIX__subadmin2` (`code`, `country_code`, `subadmin1_code`, `name`, `active`) VALUES ('VE.16.1608','VE','VE.16','{\"en\":\"Municipio Maturín\"}',1);
INSERT INTO `__PREFIX__subadmin2` (`code`, `country_code`, `subadmin1_code`, `name`, `active`) VALUES ('VE.17.1708','VE','VE.17','{\"en\":\"Municipio Mariño\"}',1);
INSERT INTO `__PREFIX__subadmin2` (`code`, `country_code`, `subadmin1_code`, `name`, `active`) VALUES ('VE.19.1910','VE','VE.19','{\"en\":\"Municipio Mariño\"}',1);
INSERT INTO `__PREFIX__subadmin2` (`code`, `country_code`, `subadmin1_code`, `name`, `active`) VALUES ('VE.23.2313','VE','VE.23','{\"en\":\"Municipio Maracaibo\"}',1);
INSERT INTO `__PREFIX__subadmin2` (`code`, `country_code`, `subadmin1_code`, `name`, `active`) VALUES ('VE.23.2312','VE','VE.23','{\"en\":\"Municipio Mara\"}',1);
INSERT INTO `__PREFIX__subadmin2` (`code`, `country_code`, `subadmin1_code`, `name`, `active`) VALUES ('VE.17.1706','VE','VE.17','{\"en\":\"Municipio Maneiro\"}',1);
INSERT INTO `__PREFIX__subadmin2` (`code`, `country_code`, `subadmin1_code`, `name`, `active`) VALUES ('VE.20.2017','VE','VE.20','{\"en\":\"Municipio Lobatera\"}',1);
INSERT INTO `__PREFIX__subadmin2` (`code`, `country_code`, `subadmin1_code`, `name`, `active`) VALUES ('VE.19.1909','VE','VE.19','{\"en\":\"Municipio Libertador\"}',1);
INSERT INTO `__PREFIX__subadmin2` (`code`, `country_code`, `subadmin1_code`, `name`, `active`) VALUES ('VE.14.1412','VE','VE.14','{\"en\":\"Municipio Libertador\"}',1);
INSERT INTO `__PREFIX__subadmin2` (`code`, `country_code`, `subadmin1_code`, `name`, `active`) VALUES ('VE.20.2016','VE','VE.20','{\"en\":\"Municipio Libertador\"}',1);
INSERT INTO `__PREFIX__subadmin2` (`code`, `country_code`, `subadmin1_code`, `name`, `active`) VALUES ('VE.02.0311','VE','VE.02','{\"en\":\"Municipio Libertad\"}',1);
INSERT INTO `__PREFIX__subadmin2` (`code`, `country_code`, `subadmin1_code`, `name`, `active`) VALUES ('VE.15.1512','VE','VE.15','{\"en\":\"Municipio Lander\"}',1);
INSERT INTO `__PREFIX__subadmin2` (`code`, `country_code`, `subadmin1_code`, `name`, `active`) VALUES ('VE.14.1411','VE','VE.14','{\"en\":\"Municipio Justo Briceño\"}',1);
INSERT INTO `__PREFIX__subadmin2` (`code`, `country_code`, `subadmin1_code`, `name`, `active`) VALUES ('VE.20.2014','VE','VE.20','{\"en\":\"Municipio Junín\"}',1);
INSERT INTO `__PREFIX__subadmin2` (`code`, `country_code`, `subadmin1_code`, `name`, `active`) VALUES ('VE.13.1304','VE','VE.13','{\"en\":\"Municipio Jiménez\"}',1);
INSERT INTO `__PREFIX__subadmin2` (`code`, `country_code`, `subadmin1_code`, `name`, `active`) VALUES ('VE.20.2012','VE','VE.20','{\"en\":\"Municipio Jáuregui\"}',1);
INSERT INTO `__PREFIX__subadmin2` (`code`, `country_code`, `subadmin1_code`, `name`, `active`) VALUES ('VE.13.1303','VE','VE.13','{\"en\":\"Municipio Iribarren\"}',1);
INSERT INTO `__PREFIX__subadmin2` (`code`, `country_code`, `subadmin1_code`, `name`, `active`) VALUES ('VE.15.1511','VE','VE.15','{\"en\":\"Municipio Independencia\"}',1);
INSERT INTO `__PREFIX__subadmin2` (`code`, `country_code`, `subadmin1_code`, `name`, `active`) VALUES ('VE.02.0307','VE','VE.02','{\"en\":\"Municipio Independencia\"}',1);
INSERT INTO `__PREFIX__subadmin2` (`code`, `country_code`, `subadmin1_code`, `name`, `active`) VALUES ('VE.06.0705','VE','VE.06','{\"en\":\"Municipio Heres\"}',1);
INSERT INTO `__PREFIX__subadmin2` (`code`, `country_code`, `subadmin1_code`, `name`, `active`) VALUES ('VE.18.1805','VE','VE.18','{\"en\":\"Municipio Guanarito\"}',1);
INSERT INTO `__PREFIX__subadmin2` (`code`, `country_code`, `subadmin1_code`, `name`, `active`) VALUES ('VE.18.1804','VE','VE.18','{\"en\":\"Municipio Guanare\"}',1);
INSERT INTO `__PREFIX__subadmin2` (`code`, `country_code`, `subadmin1_code`, `name`, `active`) VALUES ('VE.15.1510','VE','VE.15','{\"en\":\"Municipio Guaicaipuro\"}',1);
INSERT INTO `__PREFIX__subadmin2` (`code`, `country_code`, `subadmin1_code`, `name`, `active`) VALUES ('VE.07.0804','VE','VE.07','{\"en\":\"Municipio Guacara\"}',1);
INSERT INTO `__PREFIX__subadmin2` (`code`, `country_code`, `subadmin1_code`, `name`, `active`) VALUES ('VE.17.1705','VE','VE.17','{\"en\":\"Municipio Gómez\"}',1);
INSERT INTO `__PREFIX__subadmin2` (`code`, `country_code`, `subadmin1_code`, `name`, `active`) VALUES ('VE.04.0503','VE','VE.04','{\"en\":\"Municipio Girardot\"}',1);
INSERT INTO `__PREFIX__subadmin2` (`code`, `country_code`, `subadmin1_code`, `name`, `active`) VALUES ('VE.08.0903','VE','VE.08','{\"en\":\"Municipio Girardot\"}',1);
INSERT INTO `__PREFIX__subadmin2` (`code`, `country_code`, `subadmin1_code`, `name`, `active`) VALUES ('VE.20.2009','VE','VE.20','{\"en\":\"Municipio García de Hevia\"}',1);
INSERT INTO `__PREFIX__subadmin2` (`code`, `country_code`, `subadmin1_code`, `name`, `active`) VALUES ('VE.11.1110','VE','VE.11','{\"en\":\"Municipio Federación\"}',1);
INSERT INTO `__PREFIX__subadmin2` (`code`, `country_code`, `subadmin1_code`, `name`, `active`) VALUES ('VE.08.0902','VE','VE.08','{\"en\":\"Municipio Falcón\"}',1);
INSERT INTO `__PREFIX__subadmin2` (`code`, `country_code`, `subadmin1_code`, `name`, `active`) VALUES ('VE.11.1109','VE','VE.11','{\"en\":\"Municipio Falcón\"}',1);
INSERT INTO `__PREFIX__subadmin2` (`code`, `country_code`, `subadmin1_code`, `name`, `active`) VALUES ('VE.05.0607','VE','VE.05','{\"en\":\"Municipio Ezequiel Zamora\"}',1);
INSERT INTO `__PREFIX__subadmin2` (`code`, `country_code`, `subadmin1_code`, `name`, `active`) VALUES ('VE.18.1803','VE','VE.18','{\"en\":\"Municipio Esteller\"}',1);
INSERT INTO `__PREFIX__subadmin2` (`code`, `country_code`, `subadmin1_code`, `name`, `active`) VALUES ('VE.21.2106','VE','VE.21','{\"en\":\"Municipio Escuque\"}',1);
INSERT INTO `__PREFIX__subadmin2` (`code`, `country_code`, `subadmin1_code`, `name`, `active`) VALUES ('VE.17.1703','VE','VE.17','{\"en\":\"Municipio Díaz\"}',1);
INSERT INTO `__PREFIX__subadmin2` (`code`, `country_code`, `subadmin1_code`, `name`, `active`) VALUES ('VE.11.1108','VE','VE.11','{\"en\":\"Municipio Democracia\"}',1);
INSERT INTO `__PREFIX__subadmin2` (`code`, `country_code`, `subadmin1_code`, `name`, `active`) VALUES ('VE.15.1508','VE','VE.15','{\"en\":\"Municipio Cristóbal Rojas\"}',1);
INSERT INTO `__PREFIX__subadmin2` (`code`, `country_code`, `subadmin1_code`, `name`, `active`) VALUES ('VE.13.1302','VE','VE.13','{\"en\":\"Municipio Crespo\"}',1);
INSERT INTO `__PREFIX__subadmin2` (`code`, `country_code`, `subadmin1_code`, `name`, `active`) VALUES ('VE.20.2006','VE','VE.20','{\"en\":\"Municipio Córdoba\"}',1);
INSERT INTO `__PREFIX__subadmin2` (`code`, `country_code`, `subadmin1_code`, `name`, `active`) VALUES ('VE.23.2305','VE','VE.23','{\"en\":\"Municipio Colón\"}',1);
INSERT INTO `__PREFIX__subadmin2` (`code`, `country_code`, `subadmin1_code`, `name`, `active`) VALUES ('VE.11.1106','VE','VE.11','{\"en\":\"Municipio Colina\"}',1);
INSERT INTO `__PREFIX__subadmin2` (`code`, `country_code`, `subadmin1_code`, `name`, `active`) VALUES ('VE.16.1605','VE','VE.16','{\"en\":\"Municipio Cedeño\"}',1);
INSERT INTO `__PREFIX__subadmin2` (`code`, `country_code`, `subadmin1_code`, `name`, `active`) VALUES ('VE.06.0702','VE','VE.06','{\"en\":\"Municipio Cedeño\"}',1);
INSERT INTO `__PREFIX__subadmin2` (`code`, `country_code`, `subadmin1_code`, `name`, `active`) VALUES ('VE.06.0701','VE','VE.06','{\"en\":\"Municipio Caroní\"}',1);
INSERT INTO `__PREFIX__subadmin2` (`code`, `country_code`, `subadmin1_code`, `name`, `active`) VALUES ('VE.07.0802','VE','VE.07','{\"en\":\"Municipio Carlos Arvelo\"}',1);
INSERT INTO `__PREFIX__subadmin2` (`code`, `country_code`, `subadmin1_code`, `name`, `active`) VALUES ('VE.11.1105','VE','VE.11','{\"en\":\"Municipio Carirubana\"}',1);
INSERT INTO `__PREFIX__subadmin2` (`code`, `country_code`, `subadmin1_code`, `name`, `active`) VALUES ('VE.16.1604','VE','VE.16','{\"en\":\"Municipio Caripe\"}',1);
INSERT INTO `__PREFIX__subadmin2` (`code`, `country_code`, `subadmin1_code`, `name`, `active`) VALUES ('VE.20.2005','VE','VE.20','{\"en\":\"Municipio Cárdenas\"}',1);
INSERT INTO `__PREFIX__subadmin2` (`code`, `country_code`, `subadmin1_code`, `name`, `active`) VALUES ('VE.21.2105','VE','VE.21','{\"en\":\"Municipio Carache\"}',1);
INSERT INTO `__PREFIX__subadmin2` (`code`, `country_code`, `subadmin1_code`, `name`, `active`) VALUES ('VE.14.1406','VE','VE.14','{\"en\":\"Municipio Campo Elías\"}',1);
INSERT INTO `__PREFIX__subadmin2` (`code`, `country_code`, `subadmin1_code`, `name`, `active`) VALUES ('VE.11.1103','VE','VE.11','{\"en\":\"Municipio Buchivacoa\"}',1);
INSERT INTO `__PREFIX__subadmin2` (`code`, `country_code`, `subadmin1_code`, `name`, `active`) VALUES ('VE.22.2203','VE','VE.22','{\"en\":\"Municipio Bruzual\"}',1);
INSERT INTO `__PREFIX__subadmin2` (`code`, `country_code`, `subadmin1_code`, `name`, `active`) VALUES ('VE.15.1504','VE','VE.15','{\"en\":\"Municipio Brión\"}',1);
INSERT INTO `__PREFIX__subadmin2` (`code`, `country_code`, `subadmin1_code`, `name`, `active`) VALUES ('VE.11.1102','VE','VE.11','{\"en\":\"Municipio Bolívar\"}',1);
INSERT INTO `__PREFIX__subadmin2` (`code`, `country_code`, `subadmin1_code`, `name`, `active`) VALUES ('VE.22.2202','VE','VE.22','{\"en\":\"Municipio Bolívar\"}',1);
INSERT INTO `__PREFIX__subadmin2` (`code`, `country_code`, `subadmin1_code`, `name`, `active`) VALUES ('VE.16.1603','VE','VE.16','{\"en\":\"Municipio Bolívar\"}',1);
INSERT INTO `__PREFIX__subadmin2` (`code`, `country_code`, `subadmin1_code`, `name`, `active`) VALUES ('VE.05.0605','VE','VE.05','{\"en\":\"Municipio Bolívar\"}',1);
INSERT INTO `__PREFIX__subadmin2` (`code`, `country_code`, `subadmin1_code`, `name`, `active`) VALUES ('VE.20.2004','VE','VE.20','{\"en\":\"Municipio Bolívar\"}',1);
INSERT INTO `__PREFIX__subadmin2` (`code`, `country_code`, `subadmin1_code`, `name`, `active`) VALUES ('VE.21.2102','VE','VE.21','{\"en\":\"Municipio Boconó\"}',1);
INSERT INTO `__PREFIX__subadmin2` (`code`, `country_code`, `subadmin1_code`, `name`, `active`) VALUES ('VE.19.1905','VE','VE.19','{\"en\":\"Municipio Bermúdez\"}',1);
INSERT INTO `__PREFIX__subadmin2` (`code`, `country_code`, `subadmin1_code`, `name`, `active`) VALUES ('VE.19.1904','VE','VE.19','{\"en\":\"Municipio Benítez\"}',1);
INSERT INTO `__PREFIX__subadmin2` (`code`, `country_code`, `subadmin1_code`, `name`, `active`) VALUES ('VE.07.0801','VE','VE.07','{\"en\":\"Municipio Bejuma\"}',1);
INSERT INTO `__PREFIX__subadmin2` (`code`, `country_code`, `subadmin1_code`, `name`, `active`) VALUES ('VE.05.0604','VE','VE.05','{\"en\":\"Municipio Barinas\"}',1);
INSERT INTO `__PREFIX__subadmin2` (`code`, `country_code`, `subadmin1_code`, `name`, `active`) VALUES ('VE.23.2302','VE','VE.23','{\"en\":\"Municipio Baralt\"}',1);
INSERT INTO `__PREFIX__subadmin2` (`code`, `country_code`, `subadmin1_code`, `name`, `active`) VALUES ('VE.20.2003','VE','VE.20','{\"en\":\"Municipio Ayacucho\"}',1);
INSERT INTO `__PREFIX__subadmin2` (`code`, `country_code`, `subadmin1_code`, `name`, `active`) VALUES ('VE.01.0203','VE','VE.01','{\"en\":\"Municipio Autónomo Atures\"}',1);
INSERT INTO `__PREFIX__subadmin2` (`code`, `country_code`, `subadmin1_code`, `name`, `active`) VALUES ('VE.01.0202','VE','VE.01','{\"en\":\"Municipio Autónomo Atabapo\"}',1);
INSERT INTO `__PREFIX__subadmin2` (`code`, `country_code`, `subadmin1_code`, `name`, `active`) VALUES ('VE.14.1405','VE','VE.14','{\"en\":\"Municipio Arzobispo Chacón\"}',1);
INSERT INTO `__PREFIX__subadmin2` (`code`, `country_code`, `subadmin1_code`, `name`, `active`) VALUES ('VE.17.1702','VE','VE.17','{\"en\":\"Municipio Arismendi\"}',1);
INSERT INTO `__PREFIX__subadmin2` (`code`, `country_code`, `subadmin1_code`, `name`, `active`) VALUES ('VE.19.1903','VE','VE.19','{\"en\":\"Municipio Arismendi\"}',1);
INSERT INTO `__PREFIX__subadmin2` (`code`, `country_code`, `subadmin1_code`, `name`, `active`) VALUES ('VE.05.0603','VE','VE.05','{\"en\":\"Municipio Arismendi\"}',1);
INSERT INTO `__PREFIX__subadmin2` (`code`, `country_code`, `subadmin1_code`, `name`, `active`) VALUES ('VE.18.1802','VE','VE.18','{\"en\":\"Municipio Araure\"}',1);
INSERT INTO `__PREFIX__subadmin2` (`code`, `country_code`, `subadmin1_code`, `name`, `active`) VALUES ('VE.02.0302','VE','VE.02','{\"en\":\"Municipio Aragua\"}',1);
INSERT INTO `__PREFIX__subadmin2` (`code`, `country_code`, `subadmin1_code`, `name`, `active`) VALUES ('VE.08.0901','VE','VE.08','{\"en\":\"Municipio Anzoátegui\"}',1);
INSERT INTO `__PREFIX__subadmin2` (`code`, `country_code`, `subadmin1_code`, `name`, `active`) VALUES ('VE.09.1001','VE','VE.09','{\"en\":\"Municipio Antonio Díaz\"}',1);
INSERT INTO `__PREFIX__subadmin2` (`code`, `country_code`, `subadmin1_code`, `name`, `active`) VALUES ('VE.19.1901','VE','VE.19','{\"en\":\"Municipio Andrés Eloy Blanco\"}',1);
INSERT INTO `__PREFIX__subadmin2` (`code`, `country_code`, `subadmin1_code`, `name`, `active`) VALUES ('VE.14.1402','VE','VE.14','{\"en\":\"Municipio Andrés Bello\"}',1);
INSERT INTO `__PREFIX__subadmin2` (`code`, `country_code`, `subadmin1_code`, `name`, `active`) VALUES ('VE.02.0301','VE','VE.02','{\"en\":\"Municipio Anaco\"}',1);
INSERT INTO `__PREFIX__subadmin2` (`code`, `country_code`, `subadmin1_code`, `name`, `active`) VALUES ('VE.14.1401','VE','VE.14','{\"en\":\"Municipio Alberto Adriani\"}',1);
INSERT INTO `__PREFIX__subadmin2` (`code`, `country_code`, `subadmin1_code`, `name`, `active`) VALUES ('VE.11.1101','VE','VE.11','{\"en\":\"Municipio Acosta\"}',1);
INSERT INTO `__PREFIX__subadmin2` (`code`, `country_code`, `subadmin1_code`, `name`, `active`) VALUES ('VE.16.1601','VE','VE.16','{\"en\":\"Municipio Acosta\"}',1);
INSERT INTO `__PREFIX__subadmin2` (`code`, `country_code`, `subadmin1_code`, `name`, `active`) VALUES ('VE.03.0401','VE','VE.03','{\"en\":\"Municipio Achaguas\"}',1);
INSERT INTO `__PREFIX__subadmin2` (`code`, `country_code`, `subadmin1_code`, `name`, `active`) VALUES ('VE.15.1501','VE','VE.15','{\"en\":\"Municipio Acevedo\"}',1);
INSERT INTO `__PREFIX__subadmin2` (`code`, `country_code`, `subadmin1_code`, `name`, `active`) VALUES ('VE.01.0201','VE','VE.01','{\"en\":\"Municipio Autónomo Alto Orinoco\"}',1);
INSERT INTO `__PREFIX__subadmin2` (`code`, `country_code`, `subadmin1_code`, `name`, `active`) VALUES ('VE.01.0204','VE','VE.01','{\"en\":\"Municipio Autónomo Autana\"}',1);
INSERT INTO `__PREFIX__subadmin2` (`code`, `country_code`, `subadmin1_code`, `name`, `active`) VALUES ('VE.01.0206','VE','VE.01','{\"en\":\"Municipio Autónomo Manapiare\"}',1);
INSERT INTO `__PREFIX__subadmin2` (`code`, `country_code`, `subadmin1_code`, `name`, `active`) VALUES ('VE.01.0205','VE','VE.01','{\"en\":\"Municipio Autónomo Maroa\"}',1);
INSERT INTO `__PREFIX__subadmin2` (`code`, `country_code`, `subadmin1_code`, `name`, `active`) VALUES ('VE.04.0512','VE','VE.04','{\"en\":\"Municipio Santos Michelena\"}',1);
INSERT INTO `__PREFIX__subadmin2` (`code`, `country_code`, `subadmin1_code`, `name`, `active`) VALUES ('VE.05.0612','VE','VE.05','{\"en\":\"Municipio Andrés Eloy Blanco\"}',1);
INSERT INTO `__PREFIX__subadmin2` (`code`, `country_code`, `subadmin1_code`, `name`, `active`) VALUES ('VE.06.0704','VE','VE.06','{\"en\":\"Municipio Gran Sabana\"}',1);
INSERT INTO `__PREFIX__subadmin2` (`code`, `country_code`, `subadmin1_code`, `name`, `active`) VALUES ('VE.07.0813','VE','VE.07','{\"en\":\"Municipio San Joaquín\"}',1);
INSERT INTO `__PREFIX__subadmin2` (`code`, `country_code`, `subadmin1_code`, `name`, `active`) VALUES ('VE.11.1122','VE','VE.11','{\"en\":\"Municipio Tocópero\"}',1);
INSERT INTO `__PREFIX__subadmin2` (`code`, `country_code`, `subadmin1_code`, `name`, `active`) VALUES ('VE.11.1118','VE','VE.11','{\"en\":\"Municipio Píritu\"}',1);
INSERT INTO `__PREFIX__subadmin2` (`code`, `country_code`, `subadmin1_code`, `name`, `active`) VALUES ('VE.19.1906','VE','VE.19','{\"en\":\"Municipio Bolívar\"}',1);
INSERT INTO `__PREFIX__subadmin2` (`code`, `country_code`, `subadmin1_code`, `name`, `active`) VALUES ('VE.17.1704','VE','VE.17','{\"en\":\"Municipio García\"}',1);
INSERT INTO `__PREFIX__subadmin2` (`code`, `country_code`, `subadmin1_code`, `name`, `active`) VALUES ('VE.18.1812','VE','VE.18','{\"en\":\"Municipio Santa Rosalía\"}',1);
INSERT INTO `__PREFIX__subadmin2` (`code`, `country_code`, `subadmin1_code`, `name`, `active`) VALUES ('VE.18.1806','VE','VE.18','{\"en\":\"Municipio Monseñor José Vicente de Unda\"}',1);
INSERT INTO `__PREFIX__subadmin2` (`code`, `country_code`, `subadmin1_code`, `name`, `active`) VALUES ('VE.05.0602','VE','VE.05','{\"en\":\"Municipio Antonio José de Sucre\"}',1);
INSERT INTO `__PREFIX__subadmin2` (`code`, `country_code`, `subadmin1_code`, `name`, `active`) VALUES ('VE.12.1214','VE','VE.12','{\"en\":\"Municipio Santa María de Ipire\"}',1);
INSERT INTO `__PREFIX__subadmin2` (`code`, `country_code`, `subadmin1_code`, `name`, `active`) VALUES ('VE.14.1415','VE','VE.14','{\"en\":\"Municipio Padre Noguera\"}',1);
INSERT INTO `__PREFIX__subadmin2` (`code`, `country_code`, `subadmin1_code`, `name`, `active`) VALUES ('VE.20.2025','VE','VE.20','{\"en\":\"Municipio Simón Rodríguez\"}',1);
INSERT INTO `__PREFIX__subadmin2` (`code`, `country_code`, `subadmin1_code`, `name`, `active`) VALUES ('VE.18.1809','VE','VE.18','{\"en\":\"Municipio Papelón\"}',1);
INSERT INTO `__PREFIX__subadmin2` (`code`, `country_code`, `subadmin1_code`, `name`, `active`) VALUES ('VE.21.2113','VE','VE.21','{\"en\":\"Municipio Pampán\"}',1);
INSERT INTO `__PREFIX__subadmin2` (`code`, `country_code`, `subadmin1_code`, `name`, `active`) VALUES ('VE.02.0303','VE','VE.02','{\"en\":\"Municipio Fernando de Peñalver\"}',1);
INSERT INTO `__PREFIX__subadmin2` (`code`, `country_code`, `subadmin1_code`, `name`, `active`) VALUES ('VE.02.0314','VE','VE.02','{\"en\":\"Municipio Píritu\"}',1);
INSERT INTO `__PREFIX__subadmin2` (`code`, `country_code`, `subadmin1_code`, `name`, `active`) VALUES ('VE.02.0305','VE','VE.02','{\"en\":\"Municipio Francisco de Miranda\"}',1);
INSERT INTO `__PREFIX__subadmin2` (`code`, `country_code`, `subadmin1_code`, `name`, `active`) VALUES ('VE.21.2112','VE','VE.21','{\"en\":\"Municipio Motatán\"}',1);
INSERT INTO `__PREFIX__subadmin2` (`code`, `country_code`, `subadmin1_code`, `name`, `active`) VALUES ('VE.12.1201','VE','VE.12','{\"en\":\"Municipio Camaguán\"}',1);
INSERT INTO `__PREFIX__subadmin2` (`code`, `country_code`, `subadmin1_code`, `name`, `active`) VALUES ('VE.12.1213','VE','VE.12','{\"en\":\"Municipio San José de Guaribe\"}',1);
INSERT INTO `__PREFIX__subadmin2` (`code`, `country_code`, `subadmin1_code`, `name`, `active`) VALUES ('VE.02.0321','VE','VE.02','{\"en\":\"Municipio Turistico Diego Bautista Urbaneja\"}',1);
INSERT INTO `__PREFIX__subadmin2` (`code`, `country_code`, `subadmin1_code`, `name`, `active`) VALUES ('VE.07.0805','VE','VE.07','{\"en\":\"Municipio Juan José Mora\"}',1);
INSERT INTO `__PREFIX__subadmin2` (`code`, `country_code`, `subadmin1_code`, `name`, `active`) VALUES ('VE.21.2108','VE','VE.21','{\"en\":\"Municipio Juan Vicente Campo Elías\"}',1);
INSERT INTO `__PREFIX__subadmin2` (`code`, `country_code`, `subadmin1_code`, `name`, `active`) VALUES ('VE.20.2008','VE','VE.20','{\"en\":\"Municipio Francisco de Miranda\"}',1);
INSERT INTO `__PREFIX__subadmin2` (`code`, `country_code`, `subadmin1_code`, `name`, `active`) VALUES ('VE.15.1519','VE','VE.15','{\"en\":\"Municipio Sucre\"}',1);
INSERT INTO `__PREFIX__subadmin2` (`code`, `country_code`, `subadmin1_code`, `name`, `active`) VALUES ('VE.04.0506','VE','VE.04','{\"en\":\"Municipio José Rafael Revenga\"}',1);
INSERT INTO `__PREFIX__subadmin2` (`code`, `country_code`, `subadmin1_code`, `name`, `active`) VALUES ('VE.11.1107','VE','VE.11','{\"en\":\"Municipio Dabajuro\"}',1);
INSERT INTO `__PREFIX__subadmin2` (`code`, `country_code`, `subadmin1_code`, `name`, `active`) VALUES ('VE.15.1507','VE','VE.15','{\"en\":\"Municipio Chacao\"}',1);
INSERT INTO `__PREFIX__subadmin2` (`code`, `country_code`, `subadmin1_code`, `name`, `active`) VALUES ('VE.12.1205','VE','VE.12','{\"en\":\"Municipio Leonardo Infante\"}',1);
INSERT INTO `__PREFIX__subadmin2` (`code`, `country_code`, `subadmin1_code`, `name`, `active`) VALUES ('VE.02.0304','VE','VE.02','{\"en\":\"Municipio Francisco del Carmen Carvajal\"}',1);
INSERT INTO `__PREFIX__subadmin2` (`code`, `country_code`, `subadmin1_code`, `name`, `active`) VALUES ('VE.11.1124','VE','VE.11','{\"en\":\"Municipio Urumaco\"}',1);
INSERT INTO `__PREFIX__subadmin2` (`code`, `country_code`, `subadmin1_code`, `name`, `active`) VALUES ('VE.14.1419','VE','VE.14','{\"en\":\"Municipio Santos Marquina\"}',1);
INSERT INTO `__PREFIX__subadmin2` (`code`, `country_code`, `subadmin1_code`, `name`, `active`) VALUES ('VE.13.1307','VE','VE.13','{\"en\":\"Municipio Simón Planas\"}',1);
INSERT INTO `__PREFIX__subadmin2` (`code`, `country_code`, `subadmin1_code`, `name`, `active`) VALUES ('VE.18.1811','VE','VE.18','{\"en\":\"Municipio San Rafael de Onoto\"}',1);
INSERT INTO `__PREFIX__subadmin2` (`code`, `country_code`, `subadmin1_code`, `name`, `active`) VALUES ('VE.12.1212','VE','VE.12','{\"en\":\"Municipio Juan Germán Roscio\"}',1);
INSERT INTO `__PREFIX__subadmin2` (`code`, `country_code`, `subadmin1_code`, `name`, `active`) VALUES ('VE.15.1518','VE','VE.15','{\"en\":\"Municipio Simón Bolívar\"}',1);
INSERT INTO `__PREFIX__subadmin2` (`code`, `country_code`, `subadmin1_code`, `name`, `active`) VALUES ('VE.02.0308','VE','VE.02','{\"en\":\"Municipio Juan Antonio Sotillo\"}',1);
INSERT INTO `__PREFIX__subadmin2` (`code`, `country_code`, `subadmin1_code`, `name`, `active`) VALUES ('VE.15.1505','VE','VE.15','{\"en\":\"Municipio Buroz\"}',1);
INSERT INTO `__PREFIX__subadmin2` (`code`, `country_code`, `subadmin1_code`, `name`, `active`) VALUES ('VE.11.1121','VE','VE.11','{\"en\":\"Municipio Sucre\"}',1);
INSERT INTO `__PREFIX__subadmin2` (`code`, `country_code`, `subadmin1_code`, `name`, `active`) VALUES ('VE.08.0905','VE','VE.08','{\"en\":\"Municipio Pao de San Juan Bautista\"}',1);
INSERT INTO `__PREFIX__subadmin2` (`code`, `country_code`, `subadmin1_code`, `name`, `active`) VALUES ('VE.12.1202','VE','VE.12','{\"en\":\"Municipio Chaguaramas\"}',1);
INSERT INTO `__PREFIX__subadmin2` (`code`, `country_code`, `subadmin1_code`, `name`, `active`) VALUES ('VE.19.1908','VE','VE.19','{\"en\":\"Municipio Cruz Salmerón Acosta\"}',1);
INSERT INTO `__PREFIX__subadmin2` (`code`, `country_code`, `subadmin1_code`, `name`, `active`) VALUES ('VE.18.1801','VE','VE.18','{\"en\":\"Municipio Agua Blanca\"}',1);
INSERT INTO `__PREFIX__subadmin2` (`code`, `country_code`, `subadmin1_code`, `name`, `active`) VALUES ('VE.21.2110','VE','VE.21','{\"en\":\"Municipio Miranda\"}',1);
INSERT INTO `__PREFIX__subadmin2` (`code`, `country_code`, `subadmin1_code`, `name`, `active`) VALUES ('VE.21.2117','VE','VE.21','{\"en\":\"Municipio Sucre\"}',1);
INSERT INTO `__PREFIX__subadmin2` (`code`, `country_code`, `subadmin1_code`, `name`, `active`) VALUES ('VE.23.2319','VE','VE.23','{\"en\":\"Municipio Simón Bolívar\"}',1);
INSERT INTO `__PREFIX__subadmin2` (`code`, `country_code`, `subadmin1_code`, `name`, `active`) VALUES ('VE.23.2309','VE','VE.23','{\"en\":\"Municipio La Cañada de Urdaneta\"}',1);
INSERT INTO `__PREFIX__subadmin2` (`code`, `country_code`, `subadmin1_code`, `name`, `active`) VALUES ('VE.23.2311','VE','VE.23','{\"en\":\"Municipio Machiques de Perijá\"}',1);
INSERT INTO `__PREFIX__subadmin2` (`code`, `country_code`, `subadmin1_code`, `name`, `active`) VALUES ('VE.23.2303','VE','VE.23','{\"en\":\"Municipio Cabimas\"}',1);
INSERT INTO `__PREFIX__subadmin2` (`code`, `country_code`, `subadmin1_code`, `name`, `active`) VALUES ('VE.12.1209','VE','VE.12','{\"en\":\"Municipio José Tadeo Monagas\"}',1);
INSERT INTO `__PREFIX__subadmin2` (`code`, `country_code`, `subadmin1_code`, `name`, `active`) VALUES ('VE.15.1509','VE','VE.15','{\"en\":\"Municipio El Hatillo\"}',1);
INSERT INTO `__PREFIX__subadmin2` (`code`, `country_code`, `subadmin1_code`, `name`, `active`) VALUES ('VE.04.0505','VE','VE.04','{\"en\":\"Municipio José Félix Ribas\"}',1);
INSERT INTO `__PREFIX__subadmin2` (`code`, `country_code`, `subadmin1_code`, `name`, `active`) VALUES ('VE.22.2210','VE','VE.22','{\"en\":\"Municipio Peña\"}',1);
INSERT INTO `__PREFIX__subadmin2` (`code`, `country_code`, `subadmin1_code`, `name`, `active`) VALUES ('VE.15.1513','VE','VE.15','{\"en\":\"Municipio Los Salias\"}',1);
INSERT INTO `__PREFIX__subadmin2` (`code`, `country_code`, `subadmin1_code`, `name`, `active`) VALUES ('VE.04.0511','VE','VE.04','{\"en\":\"Municipio Santiago Mariño\"}',1);
INSERT INTO `__PREFIX__subadmin2` (`code`, `country_code`, `subadmin1_code`, `name`, `active`) VALUES ('VE.04.0501','VE','VE.04','{\"en\":\"Municipio Bolívar\"}',1);
INSERT INTO `__PREFIX__subadmin2` (`code`, `country_code`, `subadmin1_code`, `name`, `active`) VALUES ('VE.16.1606','VE','VE.16','{\"en\":\"Municipio Ezequiel Zamora\"}',1);
INSERT INTO `__PREFIX__subadmin2` (`code`, `country_code`, `subadmin1_code`, `name`, `active`) VALUES ('VE.12.1210','VE','VE.12','{\"en\":\"Municipio Ortiz\"}',1);
INSERT INTO `__PREFIX__subadmin2` (`code`, `country_code`, `subadmin1_code`, `name`, `active`) VALUES ('VE.23.2310','VE','VE.23','{\"en\":\"Municipio Lagunillas\"}',1);
INSERT INTO `__PREFIX__subadmin2` (`code`, `country_code`, `subadmin1_code`, `name`, `active`) VALUES ('VE.02.0316','VE','VE.02','{\"en\":\"Municipio San Juan de Capistrano\"}',1);
INSERT INTO `__PREFIX__subadmin2` (`code`, `country_code`, `subadmin1_code`, `name`, `active`) VALUES ('VE.03.0402','VE','VE.03','{\"en\":\"Municipio Biruaca\"}',1);
INSERT INTO `__PREFIX__subadmin2` (`code`, `country_code`, `subadmin1_code`, `name`, `active`) VALUES ('VE.16.1602','VE','VE.16','{\"en\":\"Municipio Aguasay\"}',1);
INSERT INTO `__PREFIX__subadmin2` (`code`, `country_code`, `subadmin1_code`, `name`, `active`) VALUES ('VE.02.0310','VE','VE.02','{\"en\":\"Municipio José Gregorio Monagas\"}',1);
INSERT INTO `__PREFIX__subadmin2` (`code`, `country_code`, `subadmin1_code`, `name`, `active`) VALUES ('VE.06.0703','VE','VE.06','{\"en\":\"Municipio El Callao\"}',1);
INSERT INTO `__PREFIX__subadmin2` (`code`, `country_code`, `subadmin1_code`, `name`, `active`) VALUES ('VE.14.1423','VE','VE.14','{\"en\":\"Municipio Zea\"}',1);
INSERT INTO `__PREFIX__subadmin2` (`code`, `country_code`, `subadmin1_code`, `name`, `active`) VALUES ('VE.11.1111','VE','VE.11','{\"en\":\"Municipio Jacura\"}',1);
INSERT INTO `__PREFIX__subadmin2` (`code`, `country_code`, `subadmin1_code`, `name`, `active`) VALUES ('VE.23.2304','VE','VE.23','{\"en\":\"Municipio Catatumbo\"}',1);
INSERT INTO `__PREFIX__subadmin2` (`code`, `country_code`, `subadmin1_code`, `name`, `active`) VALUES ('VE.06.0709','VE','VE.06','{\"en\":\"Municipio Sifontes\"}',1);
INSERT INTO `__PREFIX__subadmin2` (`code`, `country_code`, `subadmin1_code`, `name`, `active`) VALUES ('VE.22.2208','VE','VE.22','{\"en\":\"Municipio Manuel Monge\"}',1);
INSERT INTO `__PREFIX__subadmin2` (`code`, `country_code`, `subadmin1_code`, `name`, `active`) VALUES ('VE.11.1104','VE','VE.11','{\"en\":\"Municipio Cacique Manaure\"}',1);
INSERT INTO `__PREFIX__subadmin2` (`code`, `country_code`, `subadmin1_code`, `name`, `active`) VALUES ('VE.19.1907','VE','VE.19','{\"en\":\"Municipio Cajigal\"}',1);
INSERT INTO `__PREFIX__subadmin2` (`code`, `country_code`, `subadmin1_code`, `name`, `active`) VALUES ('VE.16.1613','VE','VE.16','{\"en\":\"Municipio Uracoa\"}',1);
INSERT INTO `__PREFIX__subadmin2` (`code`, `country_code`, `subadmin1_code`, `name`, `active`) VALUES ('VE.20.2024','VE','VE.20','{\"en\":\"Municipio Seboruco\"}',1);
INSERT INTO `__PREFIX__subadmin2` (`code`, `country_code`, `subadmin1_code`, `name`, `active`) VALUES ('VE.21.2101','VE','VE.21','{\"en\":\"Municipio Andrés Bello\"}',1);
INSERT INTO `__PREFIX__subadmin2` (`code`, `country_code`, `subadmin1_code`, `name`, `active`) VALUES ('VE.14.1414','VE','VE.14','{\"en\":\"Municipio Obispo Ramos de Lora\"}',1);
INSERT INTO `__PREFIX__subadmin2` (`code`, `country_code`, `subadmin1_code`, `name`, `active`) VALUES ('VE.04.0504','VE','VE.04','{\"en\":\"Municipio José Angel Lamas\"}',1);
INSERT INTO `__PREFIX__subadmin2` (`code`, `country_code`, `subadmin1_code`, `name`, `active`) VALUES ('VE.22.2201','VE','VE.22','{\"en\":\"Municipio Arístides Bastidas\"}',1);
INSERT INTO `__PREFIX__subadmin2` (`code`, `country_code`, `subadmin1_code`, `name`, `active`) VALUES ('VE.13.1301','VE','VE.13','{\"en\":\"Municipio Andrés Eloy Blanco\"}',1);
INSERT INTO `__PREFIX__subadmin2` (`code`, `country_code`, `subadmin1_code`, `name`, `active`) VALUES ('VE.05.0601','VE','VE.05','{\"en\":\"Municipio Alberto Arvelo Torrealba\"}',1);
INSERT INTO `__PREFIX__subadmin2` (`code`, `country_code`, `subadmin1_code`, `name`, `active`) VALUES ('VE.22.2206','VE','VE.22','{\"en\":\"Municipio José Antonio Páez\"}',1);
INSERT INTO `__PREFIX__subadmin2` (`code`, `country_code`, `subadmin1_code`, `name`, `active`) VALUES ('VE.14.1416','VE','VE.14','{\"en\":\"Municipio Pueblo Llano\"}',1);
INSERT INTO `__PREFIX__subadmin2` (`code`, `country_code`, `subadmin1_code`, `name`, `active`) VALUES ('VE.09.1003','VE','VE.09','{\"en\":\"Municipio Pedernales\"}',1);
INSERT INTO `__PREFIX__subadmin2` (`code`, `country_code`, `subadmin1_code`, `name`, `active`) VALUES ('VE.20.2010','VE','VE.20','{\"en\":\"Municipio Guásimos\"}',1);
INSERT INTO `__PREFIX__subadmin2` (`code`, `country_code`, `subadmin1_code`, `name`, `active`) VALUES ('VE.02.0309','VE','VE.02','{\"en\":\"Municipio Juan Manuel Cajigal\"}',1);
INSERT INTO `__PREFIX__subadmin2` (`code`, `country_code`, `subadmin1_code`, `name`, `active`) VALUES ('VE.04.0518','VE','VE.04','{\"en\":\"Municipio Ocumare de La Costa de Oro\"}',1);
INSERT INTO `__PREFIX__subadmin2` (`code`, `country_code`, `subadmin1_code`, `name`, `active`) VALUES ('VE.14.1422','VE','VE.14','{\"en\":\"Municipio Tulio Febres Cordero\"}',1);
INSERT INTO `__PREFIX__subadmin2` (`code`, `country_code`, `subadmin1_code`, `name`, `active`) VALUES ('VE.04.0507','VE','VE.04','{\"en\":\"Municipio Libertador\"}',1);
INSERT INTO `__PREFIX__subadmin2` (`code`, `country_code`, `subadmin1_code`, `name`, `active`) VALUES ('VE.11.1119','VE','VE.11','{\"en\":\"Municipio San Francisco\"}',1);
INSERT INTO `__PREFIX__subadmin2` (`code`, `country_code`, `subadmin1_code`, `name`, `active`) VALUES ('VE.21.2111','VE','VE.21','{\"en\":\"Municipio Monte Carmelo\"}',1);
INSERT INTO `__PREFIX__subadmin2` (`code`, `country_code`, `subadmin1_code`, `name`, `active`) VALUES ('VE.07.0808','VE','VE.07','{\"en\":\"Municipio Miranda\"}',1);
INSERT INTO `__PREFIX__subadmin2` (`code`, `country_code`, `subadmin1_code`, `name`, `active`) VALUES ('VE.07.0803','VE','VE.07','{\"en\":\"Municipio Diego Ibarra\"}',1);
INSERT INTO `__PREFIX__subadmin2` (`code`, `country_code`, `subadmin1_code`, `name`, `active`) VALUES ('VE.08.0907','VE','VE.08','{\"en\":\"Municipio Rómulo Gallegos\"}',1);
INSERT INTO `__PREFIX__subadmin2` (`code`, `country_code`, `subadmin1_code`, `name`, `active`) VALUES ('VE.14.1409','VE','VE.14','{\"en\":\"Municipio Guaraque\"}',1);
INSERT INTO `__PREFIX__subadmin2` (`code`, `country_code`, `subadmin1_code`, `name`, `active`) VALUES ('VE.22.2214','VE','VE.22','{\"en\":\"Municipio Veroes\"}',1);
INSERT INTO `__PREFIX__subadmin2` (`code`, `country_code`, `subadmin1_code`, `name`, `active`) VALUES ('VE.12.1207','VE','VE.12','{\"en\":\"Municipio Julián Mellado\"}',1);
INSERT INTO `__PREFIX__subadmin2` (`code`, `country_code`, `subadmin1_code`, `name`, `active`) VALUES ('VE.06.0707','VE','VE.06','{\"en\":\"Bolivariano Angostura\"}',1);
INSERT INTO `__PREFIX__subadmin2` (`code`, `country_code`, `subadmin1_code`, `name`, `active`) VALUES ('VE.22.2204','VE','VE.22','{\"en\":\"Municipio Cocorote\"}',1);
INSERT INTO `__PREFIX__subadmin2` (`code`, `country_code`, `subadmin1_code`, `name`, `active`) VALUES ('VE.02.0312','VE','VE.02','{\"en\":\"Municipio Manuel Ezequiel Bruzual\"}',1);
INSERT INTO `__PREFIX__subadmin2` (`code`, `country_code`, `subadmin1_code`, `name`, `active`) VALUES ('VE.11.1115','VE','VE.11','{\"en\":\"Municipio Monseñor Iturriza\"}',1);
INSERT INTO `__PREFIX__subadmin2` (`code`, `country_code`, `subadmin1_code`, `name`, `active`) VALUES ('VE.04.0502','VE','VE.04','{\"en\":\"Municipio Camatagua\"}',1);
INSERT INTO `__PREFIX__subadmin2` (`code`, `country_code`, `subadmin1_code`, `name`, `active`) VALUES ('VE.22.2207','VE','VE.22','{\"en\":\"Municipio La Trinidad\"}',1);
INSERT INTO `__PREFIX__subadmin2` (`code`, `country_code`, `subadmin1_code`, `name`, `active`) VALUES ('VE.18.1810','VE','VE.18','{\"en\":\"Municipio San Genaro de Boconoito\"}',1);
INSERT INTO `__PREFIX__subadmin2` (`code`, `country_code`, `subadmin1_code`, `name`, `active`) VALUES ('VE.21.2115','VE','VE.21','{\"en\":\"Municipio Rafael Rangel\"}',1);
INSERT INTO `__PREFIX__subadmin2` (`code`, `country_code`, `subadmin1_code`, `name`, `active`) VALUES ('VE.05.0606','VE','VE.05','{\"en\":\"Municipio Cruz Paredes\"}',1);
INSERT INTO `__PREFIX__subadmin2` (`code`, `country_code`, `subadmin1_code`, `name`, `active`) VALUES ('VE.14.1404','VE','VE.14','{\"en\":\"Municipio Aricagua\"}',1);
INSERT INTO `__PREFIX__subadmin2` (`code`, `country_code`, `subadmin1_code`, `name`, `active`) VALUES ('VE.25.0101','VE','VE.25','{\"en\":\"Municipio Libertador\"}',1);
INSERT INTO `__PREFIX__subadmin2` (`code`, `country_code`, `subadmin1_code`, `name`, `active`) VALUES ('VE.20.2021','VE','VE.20','{\"en\":\"Municipio Rafael Urdaneta\"}',1);
INSERT INTO `__PREFIX__subadmin2` (`code`, `country_code`, `subadmin1_code`, `name`, `active`) VALUES ('VE.20.2022','VE','VE.20','{\"en\":\"Municipio Samuel Darío Maldonado\"}',1);
INSERT INTO `__PREFIX__subadmin2` (`code`, `country_code`, `subadmin1_code`, `name`, `active`) VALUES ('VE.14.1410','VE','VE.14','{\"en\":\"Municipio Julio César Salas\"}',1);
INSERT INTO `__PREFIX__subadmin2` (`code`, `country_code`, `subadmin1_code`, `name`, `active`) VALUES ('VE.11.1123','VE','VE.11','{\"en\":\"Municipio Unión\"}',1);
INSERT INTO `__PREFIX__subadmin2` (`code`, `country_code`, `subadmin1_code`, `name`, `active`) VALUES ('VE.12.1215','VE','VE.12','{\"en\":\"Municipio Pedro Zaraza\"}',1);
INSERT INTO `__PREFIX__subadmin2` (`code`, `country_code`, `subadmin1_code`, `name`, `active`) VALUES ('VE.02.0306','VE','VE.02','{\"en\":\"Municipio Guanta\"}',1);
INSERT INTO `__PREFIX__subadmin2` (`code`, `country_code`, `subadmin1_code`, `name`, `active`) VALUES ('VE.20.2029','VE','VE.20','{\"en\":\"Municipio San Judas Tadeo\"}',1);
INSERT INTO `__PREFIX__subadmin2` (`code`, `country_code`, `subadmin1_code`, `name`, `active`) VALUES ('VE.21.2109','VE','VE.21','{\"en\":\"Municipio La Ceiba\"}',1);
INSERT INTO `__PREFIX__subadmin2` (`code`, `country_code`, `subadmin1_code`, `name`, `active`) VALUES ('VE.23.2308','VE','VE.23','{\"en\":\"Municipio Jesús María Semprún\"}',1);
INSERT INTO `__PREFIX__subadmin2` (`code`, `country_code`, `subadmin1_code`, `name`, `active`) VALUES ('VE.02.0313','VE','VE.02','{\"en\":\"Municipio Pedro María Freites\"}',1);
INSERT INTO `__PREFIX__subadmin2` (`code`, `country_code`, `subadmin1_code`, `name`, `active`) VALUES ('VE.08.0904','VE','VE.08','{\"en\":\"Municipio Lima Blanco\"}',1);
INSERT INTO `__PREFIX__subadmin2` (`code`, `country_code`, `subadmin1_code`, `name`, `active`) VALUES ('VE.26.2401','VE','VE.26','{\"en\":\"Municipio Vargas\"}',1);
INSERT INTO `__PREFIX__subadmin2` (`code`, `country_code`, `subadmin1_code`, `name`, `active`) VALUES ('VE.12.1208','VE','VE.12','{\"en\":\"Municipio Francisco de Miranda\"}',1);
INSERT INTO `__PREFIX__subadmin2` (`code`, `country_code`, `subadmin1_code`, `name`, `active`) VALUES ('VE.02.0315','VE','VE.02','{\"en\":\"Municipio San José de Guanipa\"}',1);
INSERT INTO `__PREFIX__subadmin2` (`code`, `country_code`, `subadmin1_code`, `name`, `active`) VALUES ('VE.02.0317','VE','VE.02','{\"en\":\"Municipio Santa Ana\"}',1);
INSERT INTO `__PREFIX__subadmin2` (`code`, `country_code`, `subadmin1_code`, `name`, `active`) VALUES ('VE.02.0318','VE','VE.02','{\"en\":\"Municipio Simón Bolívar\"}',1);
INSERT INTO `__PREFIX__subadmin2` (`code`, `country_code`, `subadmin1_code`, `name`, `active`) VALUES ('VE.02.0320','VE','VE.02','{\"en\":\"Municipio Sir Arthur Mc Gregor\"}',1);
INSERT INTO `__PREFIX__subadmin2` (`code`, `country_code`, `subadmin1_code`, `name`, `active`) VALUES ('VE.04.0508','VE','VE.04','{\"en\":\"Municipio Mario Briceño Iragorry\"}',1);
INSERT INTO `__PREFIX__subadmin2` (`code`, `country_code`, `subadmin1_code`, `name`, `active`) VALUES ('VE.04.0514','VE','VE.04','{\"en\":\"Municipio Tovar\"}',1);
INSERT INTO `__PREFIX__subadmin2` (`code`, `country_code`, `subadmin1_code`, `name`, `active`) VALUES ('VE.04.0517','VE','VE.04','{\"en\":\"Municipio Francisco Linares Alcántara\"}',1);
INSERT INTO `__PREFIX__subadmin2` (`code`, `country_code`, `subadmin1_code`, `name`, `active`) VALUES ('VE.06.0711','VE','VE.06','{\"en\":\"Municipio Padre Pedro Chien\"}',1);
INSERT INTO `__PREFIX__subadmin2` (`code`, `country_code`, `subadmin1_code`, `name`, `active`) VALUES ('VE.07.0806','VE','VE.07','{\"en\":\"Municipio Libertador\"}',1);
INSERT INTO `__PREFIX__subadmin2` (`code`, `country_code`, `subadmin1_code`, `name`, `active`) VALUES ('VE.07.0807','VE','VE.07','{\"en\":\"Municipio Los Guayos\"}',1);
INSERT INTO `__PREFIX__subadmin2` (`code`, `country_code`, `subadmin1_code`, `name`, `active`) VALUES ('VE.07.0810','VE','VE.07','{\"en\":\"Municipio Naguanagua\"}',1);
INSERT INTO `__PREFIX__subadmin2` (`code`, `country_code`, `subadmin1_code`, `name`, `active`) VALUES ('VE.07.0812','VE','VE.07','{\"en\":\"Municipio San Diego\"}',1);
INSERT INTO `__PREFIX__subadmin2` (`code`, `country_code`, `subadmin1_code`, `name`, `active`) VALUES ('VE.09.1002','VE','VE.09','{\"en\":\"Municipio Casacoima\"}',1);
INSERT INTO `__PREFIX__subadmin2` (`code`, `country_code`, `subadmin1_code`, `name`, `active`) VALUES ('VE.11.1112','VE','VE.11','{\"en\":\"Municipio Los Taques\"}',1);
INSERT INTO `__PREFIX__subadmin2` (`code`, `country_code`, `subadmin1_code`, `name`, `active`) VALUES ('VE.11.1116','VE','VE.11','{\"en\":\"Municipio Palmasola\"}',1);
INSERT INTO `__PREFIX__subadmin2` (`code`, `country_code`, `subadmin1_code`, `name`, `active`) VALUES ('VE.12.1203','VE','VE.12','{\"en\":\"Municipio El Socorro\"}',1);
INSERT INTO `__PREFIX__subadmin2` (`code`, `country_code`, `subadmin1_code`, `name`, `active`) VALUES ('VE.12.1204','VE','VE.12','{\"en\":\"Municipio San Gerónimo de Guayabal\"}',1);
INSERT INTO `__PREFIX__subadmin2` (`code`, `country_code`, `subadmin1_code`, `name`, `active`) VALUES ('VE.12.1206','VE','VE.12','{\"en\":\"Municipio Las Mercedes\"}',1);
INSERT INTO `__PREFIX__subadmin2` (`code`, `country_code`, `subadmin1_code`, `name`, `active`) VALUES ('VE.12.1211','VE','VE.12','{\"en\":\"Municipio José Félix Ribas\"}',1);
INSERT INTO `__PREFIX__subadmin2` (`code`, `country_code`, `subadmin1_code`, `name`, `active`) VALUES ('VE.14.1403','VE','VE.14','{\"en\":\"Municipio Antonio Pinto Salinas\"}',1);
INSERT INTO `__PREFIX__subadmin2` (`code`, `country_code`, `subadmin1_code`, `name`, `active`) VALUES ('VE.14.1407','VE','VE.14','{\"en\":\"Municipio Caracciolo Parra Olmedo\"}',1);
INSERT INTO `__PREFIX__subadmin2` (`code`, `country_code`, `subadmin1_code`, `name`, `active`) VALUES ('VE.14.1408','VE','VE.14','{\"en\":\"Municipio Cardenal Quintero\"}',1);
INSERT INTO `__PREFIX__subadmin2` (`code`, `country_code`, `subadmin1_code`, `name`, `active`) VALUES ('VE.15.1502','VE','VE.15','{\"en\":\"Municipio Andrés Bello\"}',1);
INSERT INTO `__PREFIX__subadmin2` (`code`, `country_code`, `subadmin1_code`, `name`, `active`) VALUES ('VE.15.1503','VE','VE.15','{\"en\":\"Municipio Baruta\"}',1);
INSERT INTO `__PREFIX__subadmin2` (`code`, `country_code`, `subadmin1_code`, `name`, `active`) VALUES ('VE.15.1506','VE','VE.15','{\"en\":\"Municipio Carrizal\"}',1);
INSERT INTO `__PREFIX__subadmin2` (`code`, `country_code`, `subadmin1_code`, `name`, `active`) VALUES ('VE.15.1516','VE','VE.15','{\"en\":\"Municipio Pedro Gual\"}',1);
INSERT INTO `__PREFIX__subadmin2` (`code`, `country_code`, `subadmin1_code`, `name`, `active`) VALUES ('VE.16.1607','VE','VE.16','{\"en\":\"Municipio Libertador\"}',1);
INSERT INTO `__PREFIX__subadmin2` (`code`, `country_code`, `subadmin1_code`, `name`, `active`) VALUES ('VE.16.1610','VE','VE.16','{\"en\":\"Municipio Punceres\"}',1);
INSERT INTO `__PREFIX__subadmin2` (`code`, `country_code`, `subadmin1_code`, `name`, `active`) VALUES ('VE.16.1611','VE','VE.16','{\"en\":\"Municipio Santa Bárbara\"}',1);
INSERT INTO `__PREFIX__subadmin2` (`code`, `country_code`, `subadmin1_code`, `name`, `active`) VALUES ('VE.17.1701','VE','VE.17','{\"en\":\"Municipio Antolín del Campo\"}',1);
INSERT INTO `__PREFIX__subadmin2` (`code`, `country_code`, `subadmin1_code`, `name`, `active`) VALUES ('VE.17.1707','VE','VE.17','{\"en\":\"Municipio Marcano\"}',1);
INSERT INTO `__PREFIX__subadmin2` (`code`, `country_code`, `subadmin1_code`, `name`, `active`) VALUES ('VE.19.1902','VE','VE.19','{\"en\":\"Municipio Andrés Mata\"}',1);
INSERT INTO `__PREFIX__subadmin2` (`code`, `country_code`, `subadmin1_code`, `name`, `active`) VALUES ('VE.19.1915','VE','VE.19','{\"en\":\"Municipio Valdez\"}',1);
INSERT INTO `__PREFIX__subadmin2` (`code`, `country_code`, `subadmin1_code`, `name`, `active`) VALUES ('VE.20.2001','VE','VE.20','{\"en\":\"Municipio Andrés Bello\"}',1);
INSERT INTO `__PREFIX__subadmin2` (`code`, `country_code`, `subadmin1_code`, `name`, `active`) VALUES ('VE.20.2002','VE','VE.20','{\"en\":\"Municipio Antonio Rómulo Costa\"}',1);
INSERT INTO `__PREFIX__subadmin2` (`code`, `country_code`, `subadmin1_code`, `name`, `active`) VALUES ('VE.20.2007','VE','VE.20','{\"en\":\"Municipio Fernández Feo\"}',1);
INSERT INTO `__PREFIX__subadmin2` (`code`, `country_code`, `subadmin1_code`, `name`, `active`) VALUES ('VE.20.2011','VE','VE.20','{\"en\":\"Municipio Independencia\"}',1);
INSERT INTO `__PREFIX__subadmin2` (`code`, `country_code`, `subadmin1_code`, `name`, `active`) VALUES ('VE.20.2015','VE','VE.20','{\"en\":\"Municipio Libertad\"}',1);
INSERT INTO `__PREFIX__subadmin2` (`code`, `country_code`, `subadmin1_code`, `name`, `active`) VALUES ('VE.20.2013','VE','VE.20','{\"en\":\"Municipio José María Vargas\"}',1);
INSERT INTO `__PREFIX__subadmin2` (`code`, `country_code`, `subadmin1_code`, `name`, `active`) VALUES ('VE.20.2027','VE','VE.20','{\"en\":\"Municipio Torbes\"}',1);
INSERT INTO `__PREFIX__subadmin2` (`code`, `country_code`, `subadmin1_code`, `name`, `active`) VALUES ('VE.21.2103','VE','VE.21','{\"en\":\"Municipio Bolívar\"}',1);
INSERT INTO `__PREFIX__subadmin2` (`code`, `country_code`, `subadmin1_code`, `name`, `active`) VALUES ('VE.21.2104','VE','VE.21','{\"en\":\"Municipio Candelaria\"}',1);
INSERT INTO `__PREFIX__subadmin2` (`code`, `country_code`, `subadmin1_code`, `name`, `active`) VALUES ('VE.21.2107','VE','VE.21','{\"en\":\"Municipio José Felipe Márquez Cañizales\"}',1);
INSERT INTO `__PREFIX__subadmin2` (`code`, `country_code`, `subadmin1_code`, `name`, `active`) VALUES ('VE.21.2114','VE','VE.21','{\"en\":\"Municipio Pampanito\"}',1);
INSERT INTO `__PREFIX__subadmin2` (`code`, `country_code`, `subadmin1_code`, `name`, `active`) VALUES ('VE.21.2116','VE','VE.21','{\"en\":\"Municipio San Rafael de Carvajal\"}',1);
INSERT INTO `__PREFIX__subadmin2` (`code`, `country_code`, `subadmin1_code`, `name`, `active`) VALUES ('VE.22.2205','VE','VE.22','{\"en\":\"Municipio Independencia\"}',1);
INSERT INTO `__PREFIX__subadmin2` (`code`, `country_code`, `subadmin1_code`, `name`, `active`) VALUES ('VE.23.2301','VE','VE.23','{\"en\":\"Municipio Almirante Padilla\"}',1);
INSERT INTO `__PREFIX__subadmin2` (`code`, `country_code`, `subadmin1_code`, `name`, `active`) VALUES ('VE.23.2306','VE','VE.23','{\"en\":\"Municipio Francisco Javier Pulgar\"}',1);
INSERT INTO `__PREFIX__subadmin2` (`code`, `country_code`, `subadmin1_code`, `name`, `active`) VALUES ('VE.23.2307','VE','VE.23','{\"en\":\"Municipio Jesús Enrique Lossada\"}',1);
INSERT INTO `__PREFIX__subadmin2` (`code`, `country_code`, `subadmin1_code`, `name`, `active`) VALUES ('VE.23.2316','VE','VE.23','{\"en\":\"Municipio Rosario de Perijá\"}',1);
INSERT INTO `__PREFIX__subadmin2` (`code`, `country_code`, `subadmin1_code`, `name`, `active`) VALUES ('VE.23.2317','VE','VE.23','{\"en\":\"Municipio San Francisco\"}',1);
INSERT INTO `__PREFIX__subadmin2` (`code`, `country_code`, `subadmin1_code`, `name`, `active`) VALUES ('VE.23.2318','VE','VE.23','{\"en\":\"Municipio Santa Rita\"}',1);
INSERT INTO `__PREFIX__subadmin2` (`code`, `country_code`, `subadmin1_code`, `name`, `active`) VALUES ('VE.23.2321','VE','VE.23','{\"en\":\"Municipio Valmore Rodríguez\"}',1);
/*!40000 ALTER TABLE `__PREFIX__subadmin2` ENABLE KEYS */;

--
-- Dumping data for table `__PREFIX__cities`
--

/*!40000 ALTER TABLE `__PREFIX__cities` DISABLE KEYS */;
INSERT INTO `__PREFIX__cities` (`country_code`, `name`, `longitude`, `latitude`, `feature_class`, `feature_code`, `subadmin1_code`, `subadmin2_code`, `population`, `time_zone`, `active`, `created_at`, `updated_at`) VALUES ('VE','{\"en\":\"La Asunción\"}',-63.86,11.03,'P','PPLA','VE.17',NULL,35084,'America/Caracas',1,'2016-01-21 23:00:00','2016-01-21 23:00:00');
INSERT INTO `__PREFIX__cities` (`country_code`, `name`, `longitude`, `latitude`, `feature_class`, `feature_code`, `subadmin1_code`, `subadmin2_code`, `population`, `time_zone`, `active`, `created_at`, `updated_at`) VALUES ('VE','{\"en\":\"Anaco\"}',-64.46,9.43,'P','PPLA2','VE.02','VE.02.0301',139397,'America/Caracas',1,'2021-10-27 23:00:00','2021-10-27 23:00:00');
INSERT INTO `__PREFIX__cities` (`country_code`, `name`, `longitude`, `latitude`, `feature_class`, `feature_code`, `subadmin1_code`, `subadmin2_code`, `population`, `time_zone`, `active`, `created_at`, `updated_at`) VALUES ('VE','{\"en\":\"Alto Barinas\"}',-70.23,8.59,'P','PPL','VE.05',NULL,284289,'America/Caracas',1,'2006-01-16 23:00:00','2006-01-16 23:00:00');
INSERT INTO `__PREFIX__cities` (`country_code`, `name`, `longitude`, `latitude`, `feature_class`, `feature_code`, `subadmin1_code`, `subadmin2_code`, `population`, `time_zone`, `active`, `created_at`, `updated_at`) VALUES ('VE','{\"en\":\"Zea\"}',-71.78,8.38,'P','PPLA2','VE.14','VE.14.1423',8713,'America/Caracas',1,'2021-10-25 23:00:00','2021-10-25 23:00:00');
INSERT INTO `__PREFIX__cities` (`country_code`, `name`, `longitude`, `latitude`, `feature_class`, `feature_code`, `subadmin1_code`, `subadmin2_code`, `population`, `time_zone`, `active`, `created_at`, `updated_at`) VALUES ('VE','{\"en\":\"Zaraza\"}',-65.32,9.35,'P','PPLA2','VE.12','VE.12.1215',74017,'America/Caracas',1,'2021-10-27 23:00:00','2021-10-27 23:00:00');
INSERT INTO `__PREFIX__cities` (`country_code`, `name`, `longitude`, `latitude`, `feature_class`, `feature_code`, `subadmin1_code`, `subadmin2_code`, `population`, `time_zone`, `active`, `created_at`, `updated_at`) VALUES ('VE','{\"en\":\"Yumare\"}',-68.67,10.60,'P','PPLA2','VE.22','VE.22.2208',15661,'America/Caracas',1,'2021-10-27 23:00:00','2021-10-27 23:00:00');
INSERT INTO `__PREFIX__cities` (`country_code`, `name`, `longitude`, `latitude`, `feature_class`, `feature_code`, `subadmin1_code`, `subadmin2_code`, `population`, `time_zone`, `active`, `created_at`, `updated_at`) VALUES ('VE','{\"en\":\"Yaritagua\"}',-69.12,10.08,'P','PPLA2','VE.22','VE.22.2210',113343,'America/Caracas',1,'2021-10-27 23:00:00','2021-10-27 23:00:00');
INSERT INTO `__PREFIX__cities` (`country_code`, `name`, `longitude`, `latitude`, `feature_class`, `feature_code`, `subadmin1_code`, `subadmin2_code`, `population`, `time_zone`, `active`, `created_at`, `updated_at`) VALUES ('VE','{\"en\":\"Yaguaraparo\"}',-62.83,10.57,'P','PPLA2','VE.19','VE.19.1907',13610,'America/Caracas',1,'2021-10-27 23:00:00','2021-10-27 23:00:00');
INSERT INTO `__PREFIX__cities` (`country_code`, `name`, `longitude`, `latitude`, `feature_class`, `feature_code`, `subadmin1_code`, `subadmin2_code`, `population`, `time_zone`, `active`, `created_at`, `updated_at`) VALUES ('VE','{\"en\":\"Villa de Cura\"}',-67.49,10.04,'P','PPLA2','VE.04','VE.04.0516',99669,'America/Caracas',1,'2021-10-27 23:00:00','2021-10-27 23:00:00');
INSERT INTO `__PREFIX__cities` (`country_code`, `name`, `longitude`, `latitude`, `feature_class`, `feature_code`, `subadmin1_code`, `subadmin2_code`, `population`, `time_zone`, `active`, `created_at`, `updated_at`) VALUES ('VE','{\"en\":\"Villa Bruzual\"}',-69.12,9.33,'P','PPLA2','VE.18','VE.18.1814',55244,'America/Caracas',1,'2021-10-27 23:00:00','2021-10-27 23:00:00');
INSERT INTO `__PREFIX__cities` (`country_code`, `name`, `longitude`, `latitude`, `feature_class`, `feature_code`, `subadmin1_code`, `subadmin2_code`, `population`, `time_zone`, `active`, `created_at`, `updated_at`) VALUES ('VE','{\"en\":\"Valle de La Pascua\"}',-66.01,9.22,'P','PPLA2','VE.12','VE.12.1205',153136,'America/Caracas',1,'2021-10-27 23:00:00','2021-10-27 23:00:00');
INSERT INTO `__PREFIX__cities` (`country_code`, `name`, `longitude`, `latitude`, `feature_class`, `feature_code`, `subadmin1_code`, `subadmin2_code`, `population`, `time_zone`, `active`, `created_at`, `updated_at`) VALUES ('VE','{\"en\":\"Valle de Guanape\"}',-65.67,9.91,'P','PPLA2','VE.02','VE.02.0304',14983,'America/Caracas',1,'2021-10-27 23:00:00','2021-10-27 23:00:00');
INSERT INTO `__PREFIX__cities` (`country_code`, `name`, `longitude`, `latitude`, `feature_class`, `feature_code`, `subadmin1_code`, `subadmin2_code`, `population`, `time_zone`, `active`, `created_at`, `updated_at`) VALUES ('VE','{\"en\":\"Valera\"}',-70.60,9.32,'P','PPLA2','VE.21','VE.21.2120',244708,'America/Caracas',1,'2021-10-26 23:00:00','2021-10-26 23:00:00');
INSERT INTO `__PREFIX__cities` (`country_code`, `name`, `longitude`, `latitude`, `feature_class`, `feature_code`, `subadmin1_code`, `subadmin2_code`, `population`, `time_zone`, `active`, `created_at`, `updated_at`) VALUES ('VE','{\"en\":\"Valencia\"}',-68.01,10.16,'P','PPLA','VE.07','VE.07.0814',1619470,'America/Caracas',1,'2021-10-27 23:00:00','2021-10-27 23:00:00');
INSERT INTO `__PREFIX__cities` (`country_code`, `name`, `longitude`, `latitude`, `feature_class`, `feature_code`, `subadmin1_code`, `subadmin2_code`, `population`, `time_zone`, `active`, `created_at`, `updated_at`) VALUES ('VE','{\"en\":\"Ureña\"}',-72.45,7.92,'P','PPLA2','VE.20','VE.20.2020',56509,'America/Caracas',1,'2021-10-25 23:00:00','2021-10-25 23:00:00');
INSERT INTO `__PREFIX__cities` (`country_code`, `name`, `longitude`, `latitude`, `feature_class`, `feature_code`, `subadmin1_code`, `subadmin2_code`, `population`, `time_zone`, `active`, `created_at`, `updated_at`) VALUES ('VE','{\"en\":\"Urachiche\"}',-69.01,10.16,'P','PPLA2','VE.22','VE.22.2213',26755,'America/Caracas',1,'2021-10-27 23:00:00','2021-10-27 23:00:00');
INSERT INTO `__PREFIX__cities` (`country_code`, `name`, `longitude`, `latitude`, `feature_class`, `feature_code`, `subadmin1_code`, `subadmin2_code`, `population`, `time_zone`, `active`, `created_at`, `updated_at`) VALUES ('VE','{\"en\":\"Upata\"}',-62.41,8.02,'P','PPLA2','VE.06','VE.06.0706',112617,'America/Caracas',1,'2021-10-27 23:00:00','2021-10-27 23:00:00');
INSERT INTO `__PREFIX__cities` (`country_code`, `name`, `longitude`, `latitude`, `feature_class`, `feature_code`, `subadmin1_code`, `subadmin2_code`, `population`, `time_zone`, `active`, `created_at`, `updated_at`) VALUES ('VE','{\"en\":\"Turmero\"}',-67.47,10.23,'P','PPLA2','VE.04','VE.04.0511',344700,'America/Caracas',1,'2015-01-16 23:00:00','2015-01-16 23:00:00');
INSERT INTO `__PREFIX__cities` (`country_code`, `name`, `longitude`, `latitude`, `feature_class`, `feature_code`, `subadmin1_code`, `subadmin2_code`, `population`, `time_zone`, `active`, `created_at`, `updated_at`) VALUES ('VE','{\"en\":\"Tumeremo\"}',-61.50,7.30,'P','PPLA2','VE.06',NULL,37614,'America/Caracas',1,'2021-10-28 23:00:00','2021-10-28 23:00:00');
INSERT INTO `__PREFIX__cities` (`country_code`, `name`, `longitude`, `latitude`, `feature_class`, `feature_code`, `subadmin1_code`, `subadmin2_code`, `population`, `time_zone`, `active`, `created_at`, `updated_at`) VALUES ('VE','{\"en\":\"Tucupita\"}',-62.05,9.06,'P','PPLA','VE.09','VE.09.1004',99778,'America/Caracas',1,'2021-11-06 23:00:00','2021-11-06 23:00:00');
INSERT INTO `__PREFIX__cities` (`country_code`, `name`, `longitude`, `latitude`, `feature_class`, `feature_code`, `subadmin1_code`, `subadmin2_code`, `population`, `time_zone`, `active`, `created_at`, `updated_at`) VALUES ('VE','{\"en\":\"Tucupido\"}',-65.77,9.27,'P','PPLA2','VE.12','VE.12.1211',42633,'America/Caracas',1,'2021-11-06 23:00:00','2021-11-06 23:00:00');
INSERT INTO `__PREFIX__cities` (`country_code`, `name`, `longitude`, `latitude`, `feature_class`, `feature_code`, `subadmin1_code`, `subadmin2_code`, `population`, `time_zone`, `active`, `created_at`, `updated_at`) VALUES ('VE','{\"en\":\"Tucaní\"}',-71.27,8.97,'P','PPLA2','VE.14','VE.14.1407',24034,'America/Caracas',1,'2021-10-27 23:00:00','2021-10-27 23:00:00');
INSERT INTO `__PREFIX__cities` (`country_code`, `name`, `longitude`, `latitude`, `feature_class`, `feature_code`, `subadmin1_code`, `subadmin2_code`, `population`, `time_zone`, `active`, `created_at`, `updated_at`) VALUES ('VE','{\"en\":\"Tucacas\"}',-68.33,10.79,'P','PPLA2','VE.11','VE.11.1120',34407,'America/Caracas',1,'2021-10-27 23:00:00','2021-10-27 23:00:00');
INSERT INTO `__PREFIX__cities` (`country_code`, `name`, `longitude`, `latitude`, `feature_class`, `feature_code`, `subadmin1_code`, `subadmin2_code`, `population`, `time_zone`, `active`, `created_at`, `updated_at`) VALUES ('VE','{\"en\":\"Trujillo\"}',-70.44,9.37,'P','PPLA','VE.21',NULL,71362,'America/Caracas',1,'2021-10-27 23:00:00','2021-10-27 23:00:00');
INSERT INTO `__PREFIX__cities` (`country_code`, `name`, `longitude`, `latitude`, `feature_class`, `feature_code`, `subadmin1_code`, `subadmin2_code`, `population`, `time_zone`, `active`, `created_at`, `updated_at`) VALUES ('VE','{\"en\":\"Tovar\"}',-71.75,8.33,'P','PPLA2','VE.14','VE.14.1421',40716,'America/Caracas',1,'2021-10-25 23:00:00','2021-10-25 23:00:00');
INSERT INTO `__PREFIX__cities` (`country_code`, `name`, `longitude`, `latitude`, `feature_class`, `feature_code`, `subadmin1_code`, `subadmin2_code`, `population`, `time_zone`, `active`, `created_at`, `updated_at`) VALUES ('VE','{\"en\":\"Tocuyo de La Costa\"}',-68.37,11.04,'P','PPL','VE.11',NULL,9504,'America/Caracas',1,'2021-10-27 23:00:00','2021-10-27 23:00:00');
INSERT INTO `__PREFIX__cities` (`country_code`, `name`, `longitude`, `latitude`, `feature_class`, `feature_code`, `subadmin1_code`, `subadmin2_code`, `population`, `time_zone`, `active`, `created_at`, `updated_at`) VALUES ('VE','{\"en\":\"Tinaquillo\"}',-68.30,9.92,'P','PPLA2','VE.08','VE.08.0902',115937,'America/Caracas',1,'2021-10-27 23:00:00','2021-10-27 23:00:00');
INSERT INTO `__PREFIX__cities` (`country_code`, `name`, `longitude`, `latitude`, `feature_class`, `feature_code`, `subadmin1_code`, `subadmin2_code`, `population`, `time_zone`, `active`, `created_at`, `updated_at`) VALUES ('VE','{\"en\":\"Tinaco\"}',-68.43,9.70,'P','PPLA2','VE.08','VE.08.0909',38172,'America/Caracas',1,'2021-10-27 23:00:00','2021-10-27 23:00:00');
INSERT INTO `__PREFIX__cities` (`country_code`, `name`, `longitude`, `latitude`, `feature_class`, `feature_code`, `subadmin1_code`, `subadmin2_code`, `population`, `time_zone`, `active`, `created_at`, `updated_at`) VALUES ('VE','{\"en\":\"Timotes\"}',-70.74,8.98,'P','PPLA2','VE.14','VE.14.1413',20098,'America/Caracas',1,'2021-10-26 23:00:00','2021-10-26 23:00:00');
INSERT INTO `__PREFIX__cities` (`country_code`, `name`, `longitude`, `latitude`, `feature_class`, `feature_code`, `subadmin1_code`, `subadmin2_code`, `population`, `time_zone`, `active`, `created_at`, `updated_at`) VALUES ('VE','{\"en\":\"Tía Juana\"}',-71.36,10.26,'P','PPLA2','VE.23','VE.23.2319',23714,'America/Caracas',1,'2021-10-26 23:00:00','2021-10-26 23:00:00');
INSERT INTO `__PREFIX__cities` (`country_code`, `name`, `longitude`, `latitude`, `feature_class`, `feature_code`, `subadmin1_code`, `subadmin2_code`, `population`, `time_zone`, `active`, `created_at`, `updated_at`) VALUES ('VE','{\"en\":\"Temblador\"}',-62.64,9.01,'P','PPLA2','VE.16','VE.16.1607',36447,'America/Caracas',1,'2021-10-27 23:00:00','2021-10-27 23:00:00');
INSERT INTO `__PREFIX__cities` (`country_code`, `name`, `longitude`, `latitude`, `feature_class`, `feature_code`, `subadmin1_code`, `subadmin2_code`, `population`, `time_zone`, `active`, `created_at`, `updated_at`) VALUES ('VE','{\"en\":\"Táriba\"}',-72.22,7.82,'P','PPLA2','VE.20','VE.20.2005',138402,'America/Caracas',1,'2021-10-25 23:00:00','2021-10-25 23:00:00');
INSERT INTO `__PREFIX__cities` (`country_code`, `name`, `longitude`, `latitude`, `feature_class`, `feature_code`, `subadmin1_code`, `subadmin2_code`, `population`, `time_zone`, `active`, `created_at`, `updated_at`) VALUES ('VE','{\"en\":\"Tabay\"}',-71.08,8.63,'P','PPLA2','VE.14','VE.14.1419',23539,'America/Caracas',1,'2021-10-25 23:00:00','2021-10-25 23:00:00');
INSERT INTO `__PREFIX__cities` (`country_code`, `name`, `longitude`, `latitude`, `feature_class`, `feature_code`, `subadmin1_code`, `subadmin2_code`, `population`, `time_zone`, `active`, `created_at`, `updated_at`) VALUES ('VE','{\"en\":\"Soledad\"}',-63.57,8.16,'P','PPLA2','VE.02','VE.02.0307',29763,'America/Caracas',1,'2021-10-27 23:00:00','2021-10-27 23:00:00');
INSERT INTO `__PREFIX__cities` (`country_code`, `name`, `longitude`, `latitude`, `feature_class`, `feature_code`, `subadmin1_code`, `subadmin2_code`, `population`, `time_zone`, `active`, `created_at`, `updated_at`) VALUES ('VE','{\"en\":\"Socopó\"}',-70.82,8.23,'P','PPLA2','VE.05','VE.05.0602',72352,'America/Caracas',1,'2021-10-26 23:00:00','2021-10-26 23:00:00');
INSERT INTO `__PREFIX__cities` (`country_code`, `name`, `longitude`, `latitude`, `feature_class`, `feature_code`, `subadmin1_code`, `subadmin2_code`, `population`, `time_zone`, `active`, `created_at`, `updated_at`) VALUES ('VE','{\"en\":\"Santa Teresa del Tuy\"}',-66.66,10.23,'P','PPLA2','VE.15',NULL,278890,'America/Caracas',1,'2018-08-07 23:00:00','2018-08-07 23:00:00');
INSERT INTO `__PREFIX__cities` (`country_code`, `name`, `longitude`, `latitude`, `feature_class`, `feature_code`, `subadmin1_code`, `subadmin2_code`, `population`, `time_zone`, `active`, `created_at`, `updated_at`) VALUES ('VE','{\"en\":\"Santa Rita\"}',-71.51,10.54,'P','PPLA2','VE.23','VE.23.2318',31810,'America/Caracas',1,'2012-01-10 23:00:00','2012-01-10 23:00:00');
INSERT INTO `__PREFIX__cities` (`country_code`, `name`, `longitude`, `latitude`, `feature_class`, `feature_code`, `subadmin1_code`, `subadmin2_code`, `population`, `time_zone`, `active`, `created_at`, `updated_at`) VALUES ('VE','{\"en\":\"Santa Elena de Uairén\"}',-61.11,4.60,'P','PPLA2','VE.06','VE.06.0704',29795,'America/Caracas',1,'2014-01-17 23:00:00','2014-01-17 23:00:00');
INSERT INTO `__PREFIX__cities` (`country_code`, `name`, `longitude`, `latitude`, `feature_class`, `feature_code`, `subadmin1_code`, `subadmin2_code`, `population`, `time_zone`, `active`, `created_at`, `updated_at`) VALUES ('VE','{\"en\":\"Santa Cruz de Mora\"}',-71.64,8.40,'P','PPLA2','VE.14','VE.14.1403',21209,'America/Caracas',1,'2021-10-26 23:00:00','2021-10-26 23:00:00');
INSERT INTO `__PREFIX__cities` (`country_code`, `name`, `longitude`, `latitude`, `feature_class`, `feature_code`, `subadmin1_code`, `subadmin2_code`, `population`, `time_zone`, `active`, `created_at`, `updated_at`) VALUES ('VE','{\"en\":\"Santa Cruz de Mara\"}',-71.69,10.79,'P','PPL','VE.23',NULL,69781,'America/Caracas',1,'2021-10-26 23:00:00','2021-10-26 23:00:00');
INSERT INTO `__PREFIX__cities` (`country_code`, `name`, `longitude`, `latitude`, `feature_class`, `feature_code`, `subadmin1_code`, `subadmin2_code`, `population`, `time_zone`, `active`, `created_at`, `updated_at`) VALUES ('VE','{\"en\":\"Santa Bárbara\"}',-71.18,7.81,'P','PPLA2','VE.05','VE.05.0607',45808,'America/Caracas',1,'2021-10-27 23:00:00','2021-10-27 23:00:00');
INSERT INTO `__PREFIX__cities` (`country_code`, `name`, `longitude`, `latitude`, `feature_class`, `feature_code`, `subadmin1_code`, `subadmin2_code`, `population`, `time_zone`, `active`, `created_at`, `updated_at`) VALUES ('VE','{\"en\":\"Santa Ana\"}',-63.92,11.07,'P','PPLA2','VE.17','VE.17.1705',19215,'America/Caracas',1,'2021-10-27 23:00:00','2021-10-27 23:00:00');
INSERT INTO `__PREFIX__cities` (`country_code`, `name`, `longitude`, `latitude`, `feature_class`, `feature_code`, `subadmin1_code`, `subadmin2_code`, `population`, `time_zone`, `active`, `created_at`, `updated_at`) VALUES ('VE','{\"en\":\"Santa Ana\"}',-72.28,7.64,'P','PPLA2','VE.20','VE.20.2006',35452,'America/Caracas',1,'2021-10-25 23:00:00','2021-10-25 23:00:00');
INSERT INTO `__PREFIX__cities` (`country_code`, `name`, `longitude`, `latitude`, `feature_class`, `feature_code`, `subadmin1_code`, `subadmin2_code`, `population`, `time_zone`, `active`, `created_at`, `updated_at`) VALUES ('VE','{\"en\":\"San Rafael de Onoto\"}',-68.97,9.68,'P','PPLA2','VE.18','VE.18.1811',17402,'America/Caracas',1,'2021-10-27 23:00:00','2021-10-27 23:00:00');
INSERT INTO `__PREFIX__cities` (`country_code`, `name`, `longitude`, `latitude`, `feature_class`, `feature_code`, `subadmin1_code`, `subadmin2_code`, `population`, `time_zone`, `active`, `created_at`, `updated_at`) VALUES ('VE','{\"en\":\"San Rafael\"}',-71.73,10.96,'P','PPLX','VE.23','VE.23.2312',55810,'America/Caracas',1,'2021-10-26 23:00:00','2021-10-26 23:00:00');
INSERT INTO `__PREFIX__cities` (`country_code`, `name`, `longitude`, `latitude`, `feature_class`, `feature_code`, `subadmin1_code`, `subadmin2_code`, `population`, `time_zone`, `active`, `created_at`, `updated_at`) VALUES ('VE','{\"en\":\"San Pedro de Coche\"}',-64.00,10.78,'P','PPLA2','VE.17',NULL,6704,'America/Caracas',1,'2021-10-27 23:00:00','2021-10-27 23:00:00');
INSERT INTO `__PREFIX__cities` (`country_code`, `name`, `longitude`, `latitude`, `feature_class`, `feature_code`, `subadmin1_code`, `subadmin2_code`, `population`, `time_zone`, `active`, `created_at`, `updated_at`) VALUES ('VE','{\"en\":\"San Mateo\"}',-67.42,10.21,'P','PPLA2','VE.04','VE.04.0501',50401,'America/Caracas',1,'2018-08-07 23:00:00','2018-08-07 23:00:00');
INSERT INTO `__PREFIX__cities` (`country_code`, `name`, `longitude`, `latitude`, `feature_class`, `feature_code`, `subadmin1_code`, `subadmin2_code`, `population`, `time_zone`, `active`, `created_at`, `updated_at`) VALUES ('VE','{\"en\":\"San Mateo\"}',-64.55,9.74,'P','PPLA2','VE.02','VE.02.0311',11670,'America/Caracas',1,'2021-10-27 23:00:00','2021-10-27 23:00:00');
INSERT INTO `__PREFIX__cities` (`country_code`, `name`, `longitude`, `latitude`, `feature_class`, `feature_code`, `subadmin1_code`, `subadmin2_code`, `population`, `time_zone`, `active`, `created_at`, `updated_at`) VALUES ('VE','{\"en\":\"San Lorenzo\"}',-63.92,10.22,'P','PPL','VE.19',NULL,8343,'America/Caracas',1,'2021-10-28 23:00:00','2021-10-28 23:00:00');
INSERT INTO `__PREFIX__cities` (`country_code`, `name`, `longitude`, `latitude`, `feature_class`, `feature_code`, `subadmin1_code`, `subadmin2_code`, `population`, `time_zone`, `active`, `created_at`, `updated_at`) VALUES ('VE','{\"en\":\"San Juan de los Morros\"}',-67.35,9.91,'P','PPLA','VE.12','VE.12.1212',160868,'America/Caracas',1,'2021-11-06 23:00:00','2021-11-06 23:00:00');
INSERT INTO `__PREFIX__cities` (`country_code`, `name`, `longitude`, `latitude`, `feature_class`, `feature_code`, `subadmin1_code`, `subadmin2_code`, `population`, `time_zone`, `active`, `created_at`, `updated_at`) VALUES ('VE','{\"en\":\"Colón\"}',-72.26,8.03,'P','PPLA2','VE.20','VE.20.2003',62513,'America/Caracas',1,'2021-10-25 23:00:00','2021-10-25 23:00:00');
INSERT INTO `__PREFIX__cities` (`country_code`, `name`, `longitude`, `latitude`, `feature_class`, `feature_code`, `subadmin1_code`, `subadmin2_code`, `population`, `time_zone`, `active`, `created_at`, `updated_at`) VALUES ('VE','{\"en\":\"San Juan Bautista\"}',-63.94,11.01,'P','PPLA2','VE.17','VE.17.1703',90387,'America/Caracas',1,'2021-10-27 23:00:00','2021-10-27 23:00:00');
INSERT INTO `__PREFIX__cities` (`country_code`, `name`, `longitude`, `latitude`, `feature_class`, `feature_code`, `subadmin1_code`, `subadmin2_code`, `population`, `time_zone`, `active`, `created_at`, `updated_at`) VALUES ('VE','{\"en\":\"San José de Barlovento\"}',-65.99,10.30,'P','PPLA2','VE.15','VE.15.1502',22352,'America/Caracas',1,'2021-11-06 23:00:00','2021-11-06 23:00:00');
INSERT INTO `__PREFIX__cities` (`country_code`, `name`, `longitude`, `latitude`, `feature_class`, `feature_code`, `subadmin1_code`, `subadmin2_code`, `population`, `time_zone`, `active`, `created_at`, `updated_at`) VALUES ('VE','{\"en\":\"San José de Guanipa\"}',-64.17,8.89,'P','PPLA2','VE.02','VE.02.0315',83092,'America/Caracas',1,'2021-11-06 23:00:00','2021-11-06 23:00:00');
INSERT INTO `__PREFIX__cities` (`country_code`, `name`, `longitude`, `latitude`, `feature_class`, `feature_code`, `subadmin1_code`, `subadmin2_code`, `population`, `time_zone`, `active`, `created_at`, `updated_at`) VALUES ('VE','{\"en\":\"San Joaquín\"}',-67.79,10.26,'P','PPLA2','VE.07',NULL,69894,'America/Caracas',1,'2021-10-27 23:00:00','2021-10-27 23:00:00');
INSERT INTO `__PREFIX__cities` (`country_code`, `name`, `longitude`, `latitude`, `feature_class`, `feature_code`, `subadmin1_code`, `subadmin2_code`, `population`, `time_zone`, `active`, `created_at`, `updated_at`) VALUES ('VE','{\"en\":\"San Fernando de Atabapo\"}',-67.70,4.05,'P','PPLA2','VE.01','VE.01.0202',11929,'America/Caracas',1,'2021-10-28 23:00:00','2021-10-28 23:00:00');
INSERT INTO `__PREFIX__cities` (`country_code`, `name`, `longitude`, `latitude`, `feature_class`, `feature_code`, `subadmin1_code`, `subadmin2_code`, `population`, `time_zone`, `active`, `created_at`, `updated_at`) VALUES ('VE','{\"en\":\"San Felipe\"}',-68.74,10.34,'P','PPLA','VE.22','VE.22.2211',206270,'America/Caracas',1,'2021-10-27 23:00:00','2021-10-27 23:00:00');
INSERT INTO `__PREFIX__cities` (`country_code`, `name`, `longitude`, `latitude`, `feature_class`, `feature_code`, `subadmin1_code`, `subadmin2_code`, `population`, `time_zone`, `active`, `created_at`, `updated_at`) VALUES ('VE','{\"en\":\"San Cristóbal\"}',-72.22,7.77,'P','PPLA','VE.20','VE.20.2023',289852,'America/Caracas',1,'2021-10-26 23:00:00','2021-10-26 23:00:00');
INSERT INTO `__PREFIX__cities` (`country_code`, `name`, `longitude`, `latitude`, `feature_class`, `feature_code`, `subadmin1_code`, `subadmin2_code`, `population`, `time_zone`, `active`, `created_at`, `updated_at`) VALUES ('VE','{\"en\":\"San Carlos del Zulia\"}',-71.93,9.00,'P','PPLA2','VE.23','VE.23.2305',89365,'America/Caracas',1,'2021-10-26 23:00:00','2021-10-26 23:00:00');
INSERT INTO `__PREFIX__cities` (`country_code`, `name`, `longitude`, `latitude`, `feature_class`, `feature_code`, `subadmin1_code`, `subadmin2_code`, `population`, `time_zone`, `active`, `created_at`, `updated_at`) VALUES ('VE','{\"en\":\"San Carlos\"}',-68.58,9.66,'P','PPLA','VE.08','VE.08.0908',120375,'America/Caracas',1,'2021-10-27 23:00:00','2021-10-27 23:00:00');
INSERT INTO `__PREFIX__cities` (`country_code`, `name`, `longitude`, `latitude`, `feature_class`, `feature_code`, `subadmin1_code`, `subadmin2_code`, `population`, `time_zone`, `active`, `created_at`, `updated_at`) VALUES ('VE','{\"en\":\"Sanare\"}',-69.65,9.75,'P','PPLA2','VE.13','VE.13.1301',35850,'America/Caracas',1,'2021-10-27 23:00:00','2021-10-27 23:00:00');
INSERT INTO `__PREFIX__cities` (`country_code`, `name`, `longitude`, `latitude`, `feature_class`, `feature_code`, `subadmin1_code`, `subadmin2_code`, `population`, `time_zone`, `active`, `created_at`, `updated_at`) VALUES ('VE','{\"en\":\"San Antonio del Táchira\"}',-72.44,7.81,'P','PPLA2','VE.20','VE.20.2004',66392,'America/Caracas',1,'2021-10-25 23:00:00','2021-10-25 23:00:00');
INSERT INTO `__PREFIX__cities` (`country_code`, `name`, `longitude`, `latitude`, `feature_class`, `feature_code`, `subadmin1_code`, `subadmin2_code`, `population`, `time_zone`, `active`, `created_at`, `updated_at`) VALUES ('VE','{\"en\":\"San Antonio de Los Altos\"}',-66.95,10.39,'P','PPLA2','VE.15','VE.15.1513',63873,'America/Caracas',1,'2018-08-07 23:00:00','2018-08-07 23:00:00');
INSERT INTO `__PREFIX__cities` (`country_code`, `name`, `longitude`, `latitude`, `feature_class`, `feature_code`, `subadmin1_code`, `subadmin2_code`, `population`, `time_zone`, `active`, `created_at`, `updated_at`) VALUES ('VE','{\"en\":\"San Antonio\"}',-63.73,10.12,'P','PPLA2','VE.16',NULL,12522,'America/Caracas',1,'2021-10-27 23:00:00','2021-10-27 23:00:00');
INSERT INTO `__PREFIX__cities` (`country_code`, `name`, `longitude`, `latitude`, `feature_class`, `feature_code`, `subadmin1_code`, `subadmin2_code`, `population`, `time_zone`, `active`, `created_at`, `updated_at`) VALUES ('VE','{\"en\":\"Sabaneta\"}',-69.93,8.75,'P','PPLA2','VE.05','VE.05.0601',39493,'America/Caracas',1,'2021-10-27 23:00:00','2021-10-27 23:00:00');
INSERT INTO `__PREFIX__cities` (`country_code`, `name`, `longitude`, `latitude`, `feature_class`, `feature_code`, `subadmin1_code`, `subadmin2_code`, `population`, `time_zone`, `active`, `created_at`, `updated_at`) VALUES ('VE','{\"en\":\"Sabana de Parra\"}',-69.04,10.12,'P','PPLA2','VE.22','VE.22.2206',24262,'America/Caracas',1,'2021-10-27 23:00:00','2021-10-27 23:00:00');
INSERT INTO `__PREFIX__cities` (`country_code`, `name`, `longitude`, `latitude`, `feature_class`, `feature_code`, `subadmin1_code`, `subadmin2_code`, `population`, `time_zone`, `active`, `created_at`, `updated_at`) VALUES ('VE','{\"en\":\"Rubio\"}',-72.36,7.70,'P','PPLA2','VE.20','VE.20.2014',93197,'America/Caracas',1,'2021-10-25 23:00:00','2021-10-25 23:00:00');
INSERT INTO `__PREFIX__cities` (`country_code`, `name`, `longitude`, `latitude`, `feature_class`, `feature_code`, `subadmin1_code`, `subadmin2_code`, `population`, `time_zone`, `active`, `created_at`, `updated_at`) VALUES ('VE','{\"en\":\"La Villa del Rosario\"}',-72.31,10.33,'P','PPLA2','VE.23','VE.23.2316',82766,'America/Caracas',1,'2021-10-27 23:00:00','2021-10-27 23:00:00');
INSERT INTO `__PREFIX__cities` (`country_code`, `name`, `longitude`, `latitude`, `feature_class`, `feature_code`, `subadmin1_code`, `subadmin2_code`, `population`, `time_zone`, `active`, `created_at`, `updated_at`) VALUES ('VE','{\"en\":\"Río Chico\"}',-65.98,10.32,'P','PPLA2','VE.15','VE.15.1514',22830,'America/Caracas',1,'2021-10-28 23:00:00','2021-10-28 23:00:00');
INSERT INTO `__PREFIX__cities` (`country_code`, `name`, `longitude`, `latitude`, `feature_class`, `feature_code`, `subadmin1_code`, `subadmin2_code`, `population`, `time_zone`, `active`, `created_at`, `updated_at`) VALUES ('VE','{\"en\":\"Quíbor\"}',-69.62,9.93,'P','PPLA2','VE.13','VE.13.1304',51377,'America/Caracas',1,'2021-10-27 23:00:00','2021-10-27 23:00:00');
INSERT INTO `__PREFIX__cities` (`country_code`, `name`, `longitude`, `latitude`, `feature_class`, `feature_code`, `subadmin1_code`, `subadmin2_code`, `population`, `time_zone`, `active`, `created_at`, `updated_at`) VALUES ('VE','{\"en\":\"Punto Fijo\"}',-70.20,11.69,'P','PPLA2','VE.11','VE.11.1105',141729,'America/Caracas',1,'2021-10-27 23:00:00','2021-10-27 23:00:00');
INSERT INTO `__PREFIX__cities` (`country_code`, `name`, `longitude`, `latitude`, `feature_class`, `feature_code`, `subadmin1_code`, `subadmin2_code`, `population`, `time_zone`, `active`, `created_at`, `updated_at`) VALUES ('VE','{\"en\":\"Punta Gorda\"}',-71.41,10.33,'P','PPL','VE.23',NULL,14855,'America/Caracas',1,'2021-10-26 23:00:00','2021-10-26 23:00:00');
INSERT INTO `__PREFIX__cities` (`country_code`, `name`, `longitude`, `latitude`, `feature_class`, `feature_code`, `subadmin1_code`, `subadmin2_code`, `population`, `time_zone`, `active`, `created_at`, `updated_at`) VALUES ('VE','{\"en\":\"Punta de Piedras\"}',-64.10,10.90,'P','PPLA2','VE.17','VE.17.1710',31886,'America/Caracas',1,'2021-10-27 23:00:00','2021-10-27 23:00:00');
INSERT INTO `__PREFIX__cities` (`country_code`, `name`, `longitude`, `latitude`, `feature_class`, `feature_code`, `subadmin1_code`, `subadmin2_code`, `population`, `time_zone`, `active`, `created_at`, `updated_at`) VALUES ('VE','{\"en\":\"Punta de Mata\"}',-63.61,9.69,'P','PPLA2','VE.16','VE.16.1606',61080,'America/Caracas',1,'2021-10-27 23:00:00','2021-10-27 23:00:00');
INSERT INTO `__PREFIX__cities` (`country_code`, `name`, `longitude`, `latitude`, `feature_class`, `feature_code`, `subadmin1_code`, `subadmin2_code`, `population`, `time_zone`, `active`, `created_at`, `updated_at`) VALUES ('VE','{\"en\":\"Punta Cardón\"}',-70.22,11.66,'P','PPL','VE.11',NULL,113999,'America/Caracas',1,'2021-10-27 23:00:00','2021-10-27 23:00:00');
INSERT INTO `__PREFIX__cities` (`country_code`, `name`, `longitude`, `latitude`, `feature_class`, `feature_code`, `subadmin1_code`, `subadmin2_code`, `population`, `time_zone`, `active`, `created_at`, `updated_at`) VALUES ('VE','{\"en\":\"Puerto Píritu\"}',-65.04,10.06,'P','PPLA2','VE.02','VE.02.0303',37745,'America/Caracas',1,'2021-10-27 23:00:00','2021-10-27 23:00:00');
INSERT INTO `__PREFIX__cities` (`country_code`, `name`, `longitude`, `latitude`, `feature_class`, `feature_code`, `subadmin1_code`, `subadmin2_code`, `population`, `time_zone`, `active`, `created_at`, `updated_at`) VALUES ('VE','{\"en\":\"Puerto La Cruz\"}',-64.63,10.21,'P','PPLA2','VE.02','VE.02.0308',370000,'America/Caracas',1,'2018-08-07 23:00:00','2018-08-07 23:00:00');
INSERT INTO `__PREFIX__cities` (`country_code`, `name`, `longitude`, `latitude`, `feature_class`, `feature_code`, `subadmin1_code`, `subadmin2_code`, `population`, `time_zone`, `active`, `created_at`, `updated_at`) VALUES ('VE','{\"en\":\"Puerto Cumarebo\"}',-69.35,11.49,'P','PPLA2','VE.11','VE.11.1125',31644,'America/Caracas',1,'2021-10-27 23:00:00','2021-10-27 23:00:00');
INSERT INTO `__PREFIX__cities` (`country_code`, `name`, `longitude`, `latitude`, `feature_class`, `feature_code`, `subadmin1_code`, `subadmin2_code`, `population`, `time_zone`, `active`, `created_at`, `updated_at`) VALUES ('VE','{\"en\":\"Puerto Cabello\"}',-68.01,10.47,'P','PPLA2','VE.07','VE.07.0811',174000,'America/Caracas',1,'2019-04-02 23:00:00','2019-04-02 23:00:00');
INSERT INTO `__PREFIX__cities` (`country_code`, `name`, `longitude`, `latitude`, `feature_class`, `feature_code`, `subadmin1_code`, `subadmin2_code`, `population`, `time_zone`, `active`, `created_at`, `updated_at`) VALUES ('VE','{\"en\":\"Puerto Ayacucho\"}',-67.58,5.66,'P','PPLA','VE.01','VE.01.0203',125840,'America/Caracas',1,'2021-11-06 23:00:00','2021-11-06 23:00:00');
INSERT INTO `__PREFIX__cities` (`country_code`, `name`, `longitude`, `latitude`, `feature_class`, `feature_code`, `subadmin1_code`, `subadmin2_code`, `population`, `time_zone`, `active`, `created_at`, `updated_at`) VALUES ('VE','{\"en\":\"Pueblo Nuevo\"}',-69.92,11.95,'P','PPLA2','VE.11',NULL,18525,'America/Caracas',1,'2021-10-27 23:00:00','2021-10-27 23:00:00');
INSERT INTO `__PREFIX__cities` (`country_code`, `name`, `longitude`, `latitude`, `feature_class`, `feature_code`, `subadmin1_code`, `subadmin2_code`, `population`, `time_zone`, `active`, `created_at`, `updated_at`) VALUES ('VE','{\"en\":\"Porlamar\"}',-63.87,10.96,'P','PPLA2','VE.17','VE.17.1708',216234,'America/Caracas',1,'2021-10-27 23:00:00','2021-10-27 23:00:00');
INSERT INTO `__PREFIX__cities` (`country_code`, `name`, `longitude`, `latitude`, `feature_class`, `feature_code`, `subadmin1_code`, `subadmin2_code`, `population`, `time_zone`, `active`, `created_at`, `updated_at`) VALUES ('VE','{\"en\":\"Píritu\"}',-69.21,9.37,'P','PPLA2','VE.18','VE.18.1803',43746,'America/Caracas',1,'2021-10-27 23:00:00','2021-10-27 23:00:00');
INSERT INTO `__PREFIX__cities` (`country_code`, `name`, `longitude`, `latitude`, `feature_class`, `feature_code`, `subadmin1_code`, `subadmin2_code`, `population`, `time_zone`, `active`, `created_at`, `updated_at`) VALUES ('VE','{\"en\":\"Petare\"}',-66.81,10.48,'P','PPLA2','VE.15','VE.15.1519',364684,'America/Caracas',1,'2019-04-09 23:00:00','2019-04-09 23:00:00');
INSERT INTO `__PREFIX__cities` (`country_code`, `name`, `longitude`, `latitude`, `feature_class`, `feature_code`, `subadmin1_code`, `subadmin2_code`, `population`, `time_zone`, `active`, `created_at`, `updated_at`) VALUES ('VE','{\"en\":\"Pariaguán\"}',-64.71,8.84,'P','PPLA2','VE.02','VE.02.0305',40751,'America/Caracas',1,'2021-10-27 23:00:00','2021-10-27 23:00:00');
INSERT INTO `__PREFIX__cities` (`country_code`, `name`, `longitude`, `latitude`, `feature_class`, `feature_code`, `subadmin1_code`, `subadmin2_code`, `population`, `time_zone`, `active`, `created_at`, `updated_at`) VALUES ('VE','{\"en\":\"Pampatar\"}',-63.79,11.00,'P','PPLA2','VE.17','VE.17.1706',64983,'America/Caracas',1,'2021-10-27 23:00:00','2021-10-27 23:00:00');
INSERT INTO `__PREFIX__cities` (`country_code`, `name`, `longitude`, `latitude`, `feature_class`, `feature_code`, `subadmin1_code`, `subadmin2_code`, `population`, `time_zone`, `active`, `created_at`, `updated_at`) VALUES ('VE','{\"en\":\"Pampanito\"}',-70.50,9.41,'P','PPLA2','VE.21','VE.21.2114',35847,'America/Caracas',1,'2021-10-27 23:00:00','2021-10-27 23:00:00');
INSERT INTO `__PREFIX__cities` (`country_code`, `name`, `longitude`, `latitude`, `feature_class`, `feature_code`, `subadmin1_code`, `subadmin2_code`, `population`, `time_zone`, `active`, `created_at`, `updated_at`) VALUES ('VE','{\"en\":\"Pampán\"}',-70.48,9.45,'P','PPLA2','VE.21','VE.21.2113',59657,'America/Caracas',1,'2021-10-26 23:00:00','2021-10-26 23:00:00');
INSERT INTO `__PREFIX__cities` (`country_code`, `name`, `longitude`, `latitude`, `feature_class`, `feature_code`, `subadmin1_code`, `subadmin2_code`, `population`, `time_zone`, `active`, `created_at`, `updated_at`) VALUES ('VE','{\"en\":\"Palo Negro\"}',-67.54,10.17,'P','PPLA2','VE.04','VE.04.0507',128875,'America/Caracas',1,'2018-08-07 23:00:00','2018-08-07 23:00:00');
INSERT INTO `__PREFIX__cities` (`country_code`, `name`, `longitude`, `latitude`, `feature_class`, `feature_code`, `subadmin1_code`, `subadmin2_code`, `population`, `time_zone`, `active`, `created_at`, `updated_at`) VALUES ('VE','{\"en\":\"Palmira\"}',-72.23,7.84,'P','PPLA2','VE.20','VE.20.2010',48087,'America/Caracas',1,'2021-10-25 23:00:00','2021-10-25 23:00:00');
INSERT INTO `__PREFIX__cities` (`country_code`, `name`, `longitude`, `latitude`, `feature_class`, `feature_code`, `subadmin1_code`, `subadmin2_code`, `population`, `time_zone`, `active`, `created_at`, `updated_at`) VALUES ('VE','{\"en\":\"Ospino\"}',-69.45,9.30,'P','PPLA2','VE.18','VE.18.1807',33547,'America/Caracas',1,'2021-10-27 23:00:00','2021-10-27 23:00:00');
INSERT INTO `__PREFIX__cities` (`country_code`, `name`, `longitude`, `latitude`, `feature_class`, `feature_code`, `subadmin1_code`, `subadmin2_code`, `population`, `time_zone`, `active`, `created_at`, `updated_at`) VALUES ('VE','{\"en\":\"Ocumare del Tuy\"}',-66.78,10.12,'P','PPLA2','VE.15','VE.15.1512',166072,'America/Caracas',1,'2018-08-07 23:00:00','2018-08-07 23:00:00');
INSERT INTO `__PREFIX__cities` (`country_code`, `name`, `longitude`, `latitude`, `feature_class`, `feature_code`, `subadmin1_code`, `subadmin2_code`, `population`, `time_zone`, `active`, `created_at`, `updated_at`) VALUES ('VE','{\"en\":\"Obispos\"}',-70.10,8.61,'P','PPLA2','VE.05','VE.05.0608',17440,'America/Caracas',1,'2021-10-26 23:00:00','2021-10-26 23:00:00');
INSERT INTO `__PREFIX__cities` (`country_code`, `name`, `longitude`, `latitude`, `feature_class`, `feature_code`, `subadmin1_code`, `subadmin2_code`, `population`, `time_zone`, `active`, `created_at`, `updated_at`) VALUES ('VE','{\"en\":\"Nueva Bolivia\"}',-71.09,9.14,'P','PPLA2','VE.14','VE.14.1422',19885,'America/Caracas',1,'2021-10-26 23:00:00','2021-10-26 23:00:00');
INSERT INTO `__PREFIX__cities` (`country_code`, `name`, `longitude`, `latitude`, `feature_class`, `feature_code`, `subadmin1_code`, `subadmin2_code`, `population`, `time_zone`, `active`, `created_at`, `updated_at`) VALUES ('VE','{\"en\":\"Nirgua\"}',-68.56,10.15,'P','PPLA2','VE.22','VE.22.2209',54080,'America/Caracas',1,'2021-10-27 23:00:00','2021-10-27 23:00:00');
INSERT INTO `__PREFIX__cities` (`country_code`, `name`, `longitude`, `latitude`, `feature_class`, `feature_code`, `subadmin1_code`, `subadmin2_code`, `population`, `time_zone`, `active`, `created_at`, `updated_at`) VALUES ('VE','{\"en\":\"Mucuchíes\"}',-70.92,8.75,'P','PPLA2','VE.14','VE.14.1417',8880,'America/Caracas',1,'2021-10-25 23:00:00','2021-10-25 23:00:00');
INSERT INTO `__PREFIX__cities` (`country_code`, `name`, `longitude`, `latitude`, `feature_class`, `feature_code`, `subadmin1_code`, `subadmin2_code`, `population`, `time_zone`, `active`, `created_at`, `updated_at`) VALUES ('VE','{\"en\":\"Motatán\"}',-70.59,9.39,'P','PPLA2','VE.21','VE.21.2112',25437,'America/Caracas',1,'2021-10-26 23:00:00','2021-10-26 23:00:00');
INSERT INTO `__PREFIX__cities` (`country_code`, `name`, `longitude`, `latitude`, `feature_class`, `feature_code`, `subadmin1_code`, `subadmin2_code`, `population`, `time_zone`, `active`, `created_at`, `updated_at`) VALUES ('VE','{\"en\":\"Morón\"}',-68.20,10.49,'P','PPLA2','VE.07','VE.07.0805',68084,'America/Caracas',1,'2021-10-27 23:00:00','2021-10-27 23:00:00');
INSERT INTO `__PREFIX__cities` (`country_code`, `name`, `longitude`, `latitude`, `feature_class`, `feature_code`, `subadmin1_code`, `subadmin2_code`, `population`, `time_zone`, `active`, `created_at`, `updated_at`) VALUES ('VE','{\"en\":\"Montalbán\"}',-68.33,10.21,'P','PPLA2','VE.07','VE.07.0809',29451,'America/Caracas',1,'2021-10-27 23:00:00','2021-10-27 23:00:00');
INSERT INTO `__PREFIX__cities` (`country_code`, `name`, `longitude`, `latitude`, `feature_class`, `feature_code`, `subadmin1_code`, `subadmin2_code`, `population`, `time_zone`, `active`, `created_at`, `updated_at`) VALUES ('VE','{\"en\":\"Miranda\"}',-68.39,10.15,'P','PPLA2','VE.07','VE.07.0808',32907,'America/Caracas',1,'2021-10-27 23:00:00','2021-10-27 23:00:00');
INSERT INTO `__PREFIX__cities` (`country_code`, `name`, `longitude`, `latitude`, `feature_class`, `feature_code`, `subadmin1_code`, `subadmin2_code`, `population`, `time_zone`, `active`, `created_at`, `updated_at`) VALUES ('VE','{\"en\":\"Michelena\"}',-72.24,7.96,'P','PPLA2','VE.20','VE.20.2018',20539,'America/Caracas',1,'2021-10-25 23:00:00','2021-10-25 23:00:00');
INSERT INTO `__PREFIX__cities` (`country_code`, `name`, `longitude`, `latitude`, `feature_class`, `feature_code`, `subadmin1_code`, `subadmin2_code`, `population`, `time_zone`, `active`, `created_at`, `updated_at`) VALUES ('VE','{\"en\":\"Mérida\"}',-71.16,8.59,'P','PPLA','VE.14','VE.14.1412',300000,'America/Caracas',1,'2019-09-04 23:00:00','2019-09-04 23:00:00');
INSERT INTO `__PREFIX__cities` (`country_code`, `name`, `longitude`, `latitude`, `feature_class`, `feature_code`, `subadmin1_code`, `subadmin2_code`, `population`, `time_zone`, `active`, `created_at`, `updated_at`) VALUES ('VE','{\"en\":\"Mene Grande\"}',-70.93,9.85,'P','PPL','VE.23',NULL,60580,'America/Caracas',1,'2021-10-26 23:00:00','2021-10-26 23:00:00');
INSERT INTO `__PREFIX__cities` (`country_code`, `name`, `longitude`, `latitude`, `feature_class`, `feature_code`, `subadmin1_code`, `subadmin2_code`, `population`, `time_zone`, `active`, `created_at`, `updated_at`) VALUES ('VE','{\"en\":\"Mene de Mauroa\"}',-71.04,10.68,'P','PPLA2','VE.11','VE.11.1113',19174,'America/Caracas',1,'2021-10-27 23:00:00','2021-10-27 23:00:00');
INSERT INTO `__PREFIX__cities` (`country_code`, `name`, `longitude`, `latitude`, `feature_class`, `feature_code`, `subadmin1_code`, `subadmin2_code`, `population`, `time_zone`, `active`, `created_at`, `updated_at`) VALUES ('VE','{\"en\":\"Mariara\"}',-67.72,10.30,'P','PPLA2','VE.07','VE.07.0803',116142,'America/Caracas',1,'2021-10-27 23:00:00','2021-10-27 23:00:00');
INSERT INTO `__PREFIX__cities` (`country_code`, `name`, `longitude`, `latitude`, `feature_class`, `feature_code`, `subadmin1_code`, `subadmin2_code`, `population`, `time_zone`, `active`, `created_at`, `updated_at`) VALUES ('VE','{\"en\":\"Maracay\"}',-67.59,10.24,'P','PPLA','VE.04','VE.04.0503',1754256,'America/Caracas',1,'2016-01-06 23:00:00','2016-01-06 23:00:00');
INSERT INTO `__PREFIX__cities` (`country_code`, `name`, `longitude`, `latitude`, `feature_class`, `feature_code`, `subadmin1_code`, `subadmin2_code`, `population`, `time_zone`, `active`, `created_at`, `updated_at`) VALUES ('VE','{\"en\":\"Maracaibo\"}',-71.61,10.67,'P','PPLA','VE.23','VE.23.2313',2225000,'America/Caracas',1,'2019-09-04 23:00:00','2019-09-04 23:00:00');
INSERT INTO `__PREFIX__cities` (`country_code`, `name`, `longitude`, `latitude`, `feature_class`, `feature_code`, `subadmin1_code`, `subadmin2_code`, `population`, `time_zone`, `active`, `created_at`, `updated_at`) VALUES ('VE','{\"en\":\"Mamporal\"}',-66.13,10.37,'P','PPLA2','VE.15','VE.15.1505',30918,'America/Caracas',1,'2021-10-28 23:00:00','2021-10-28 23:00:00');
INSERT INTO `__PREFIX__cities` (`country_code`, `name`, `longitude`, `latitude`, `feature_class`, `feature_code`, `subadmin1_code`, `subadmin2_code`, `population`, `time_zone`, `active`, `created_at`, `updated_at`) VALUES ('VE','{\"en\":\"Maiquetía\"}',-66.96,10.59,'P','PPLA3','VE.26',NULL,52564,'America/Caracas',1,'2019-03-27 23:00:00','2019-03-27 23:00:00');
INSERT INTO `__PREFIX__cities` (`country_code`, `name`, `longitude`, `latitude`, `feature_class`, `feature_code`, `subadmin1_code`, `subadmin2_code`, `population`, `time_zone`, `active`, `created_at`, `updated_at`) VALUES ('VE','{\"en\":\"Machiques\"}',-72.55,10.06,'P','PPLA2','VE.23','VE.23.2311',89119,'America/Caracas',1,'2021-10-26 23:00:00','2021-10-26 23:00:00');
INSERT INTO `__PREFIX__cities` (`country_code`, `name`, `longitude`, `latitude`, `feature_class`, `feature_code`, `subadmin1_code`, `subadmin2_code`, `population`, `time_zone`, `active`, `created_at`, `updated_at`) VALUES ('VE','{\"en\":\"Los Teques\"}',-67.04,10.34,'P','PPLA','VE.15','VE.15.1510',140617,'America/Caracas',1,'2013-08-10 23:00:00','2013-08-10 23:00:00');
INSERT INTO `__PREFIX__cities` (`country_code`, `name`, `longitude`, `latitude`, `feature_class`, `feature_code`, `subadmin1_code`, `subadmin2_code`, `population`, `time_zone`, `active`, `created_at`, `updated_at`) VALUES ('VE','{\"en\":\"Los Rastrojos\"}',-69.24,10.03,'P','PPL','VE.13',NULL,100497,'America/Caracas',1,'2021-10-27 23:00:00','2021-10-27 23:00:00');
INSERT INTO `__PREFIX__cities` (`country_code`, `name`, `longitude`, `latitude`, `feature_class`, `feature_code`, `subadmin1_code`, `subadmin2_code`, `population`, `time_zone`, `active`, `created_at`, `updated_at`) VALUES ('VE','{\"en\":\"Los Dos Caminos\"}',-66.83,10.49,'P','PPL','VE.15',NULL,58168,'America/Caracas',1,'2012-01-14 23:00:00','2012-01-14 23:00:00');
INSERT INTO `__PREFIX__cities` (`country_code`, `name`, `longitude`, `latitude`, `feature_class`, `feature_code`, `subadmin1_code`, `subadmin2_code`, `population`, `time_zone`, `active`, `created_at`, `updated_at`) VALUES ('VE','{\"en\":\"Lobatera\"}',-72.25,7.93,'P','PPLA2','VE.20','VE.20.2017',14041,'America/Caracas',1,'2021-10-25 23:00:00','2021-10-25 23:00:00');
INSERT INTO `__PREFIX__cities` (`country_code`, `name`, `longitude`, `latitude`, `feature_class`, `feature_code`, `subadmin1_code`, `subadmin2_code`, `population`, `time_zone`, `active`, `created_at`, `updated_at`) VALUES ('VE','{\"en\":\"Libertad\"}',-69.63,8.33,'P','PPLA2','VE.05','VE.05.0610',13251,'America/Caracas',1,'2021-10-26 23:00:00','2021-10-26 23:00:00');
INSERT INTO `__PREFIX__cities` (`country_code`, `name`, `longitude`, `latitude`, `feature_class`, `feature_code`, `subadmin1_code`, `subadmin2_code`, `population`, `time_zone`, `active`, `created_at`, `updated_at`) VALUES ('VE','{\"en\":\"La Victoria\"}',-67.33,10.23,'P','PPLA2','VE.04','VE.04.0505',126721,'America/Caracas',1,'2021-10-27 23:00:00','2021-10-27 23:00:00');
INSERT INTO `__PREFIX__cities` (`country_code`, `name`, `longitude`, `latitude`, `feature_class`, `feature_code`, `subadmin1_code`, `subadmin2_code`, `population`, `time_zone`, `active`, `created_at`, `updated_at`) VALUES ('VE','{\"en\":\"La Vela de Coro\"}',-69.57,11.46,'P','PPLA2','VE.11','VE.11.1106',34680,'America/Caracas',1,'2021-10-27 23:00:00','2021-10-27 23:00:00');
INSERT INTO `__PREFIX__cities` (`country_code`, `name`, `longitude`, `latitude`, `feature_class`, `feature_code`, `subadmin1_code`, `subadmin2_code`, `population`, `time_zone`, `active`, `created_at`, `updated_at`) VALUES ('VE','{\"en\":\"Las Vegas\"}',-68.63,9.54,'P','PPLA2','VE.08','VE.08.0907',20172,'America/Caracas',1,'2021-10-27 23:00:00','2021-10-27 23:00:00');
INSERT INTO `__PREFIX__cities` (`country_code`, `name`, `longitude`, `latitude`, `feature_class`, `feature_code`, `subadmin1_code`, `subadmin2_code`, `population`, `time_zone`, `active`, `created_at`, `updated_at`) VALUES ('VE','{\"en\":\"Las Tejerías\"}',-67.17,10.25,'P','PPLA2','VE.04','VE.04.0512',43445,'America/Caracas',1,'2021-10-27 23:00:00','2021-10-27 23:00:00');
INSERT INTO `__PREFIX__cities` (`country_code`, `name`, `longitude`, `latitude`, `feature_class`, `feature_code`, `subadmin1_code`, `subadmin2_code`, `population`, `time_zone`, `active`, `created_at`, `updated_at`) VALUES ('VE','{\"en\":\"La Paragua\"}',-63.33,6.83,'P','PPL','VE.06',NULL,18591,'America/Caracas',1,'2021-12-01 23:00:00','2021-12-01 23:00:00');
INSERT INTO `__PREFIX__cities` (`country_code`, `name`, `longitude`, `latitude`, `feature_class`, `feature_code`, `subadmin1_code`, `subadmin2_code`, `population`, `time_zone`, `active`, `created_at`, `updated_at`) VALUES ('VE','{\"en\":\"Lagunillas\"}',-71.26,10.13,'P','PPL','VE.23',NULL,44257,'America/Caracas',1,'2018-07-03 23:00:00','2018-07-03 23:00:00');
INSERT INTO `__PREFIX__cities` (`country_code`, `name`, `longitude`, `latitude`, `feature_class`, `feature_code`, `subadmin1_code`, `subadmin2_code`, `population`, `time_zone`, `active`, `created_at`, `updated_at`) VALUES ('VE','{\"en\":\"Lagunillas\"}',-71.39,8.50,'P','PPLA2','VE.14','VE.14.1420',28176,'America/Caracas',1,'2021-10-25 23:00:00','2021-10-25 23:00:00');
INSERT INTO `__PREFIX__cities` (`country_code`, `name`, `longitude`, `latitude`, `feature_class`, `feature_code`, `subadmin1_code`, `subadmin2_code`, `population`, `time_zone`, `active`, `created_at`, `updated_at`) VALUES ('VE','{\"en\":\"La Guaira\"}',-66.93,10.60,'P','PPLA','VE.26','VE.26.2401',25259,'America/Caracas',1,'2019-04-01 23:00:00','2019-04-01 23:00:00');
INSERT INTO `__PREFIX__cities` (`country_code`, `name`, `longitude`, `latitude`, `feature_class`, `feature_code`, `subadmin1_code`, `subadmin2_code`, `population`, `time_zone`, `active`, `created_at`, `updated_at`) VALUES ('VE','{\"en\":\"La Concepción\"}',-71.84,10.62,'P','PPLA2','VE.23','VE.23.2307',78106,'America/Caracas',1,'2021-10-27 23:00:00','2021-10-27 23:00:00');
INSERT INTO `__PREFIX__cities` (`country_code`, `name`, `longitude`, `latitude`, `feature_class`, `feature_code`, `subadmin1_code`, `subadmin2_code`, `population`, `time_zone`, `active`, `created_at`, `updated_at`) VALUES ('VE','{\"en\":\"Concepción\"}',-71.69,10.41,'P','PPLA2','VE.23',NULL,40313,'America/Caracas',1,'2021-10-26 23:00:00','2021-10-26 23:00:00');
INSERT INTO `__PREFIX__cities` (`country_code`, `name`, `longitude`, `latitude`, `feature_class`, `feature_code`, `subadmin1_code`, `subadmin2_code`, `population`, `time_zone`, `active`, `created_at`, `updated_at`) VALUES ('VE','{\"en\":\"La Azulita\"}',-71.44,8.71,'P','PPLA2','VE.14','VE.14.1402',17111,'America/Caracas',1,'2021-10-26 23:00:00','2021-10-26 23:00:00');
INSERT INTO `__PREFIX__cities` (`country_code`, `name`, `longitude`, `latitude`, `feature_class`, `feature_code`, `subadmin1_code`, `subadmin2_code`, `population`, `time_zone`, `active`, `created_at`, `updated_at`) VALUES ('VE','{\"en\":\"Judibana\"}',-70.19,11.75,'P','PPL','VE.11',NULL,23182,'America/Caracas',1,'2021-10-27 23:00:00','2021-10-27 23:00:00');
INSERT INTO `__PREFIX__cities` (`country_code`, `name`, `longitude`, `latitude`, `feature_class`, `feature_code`, `subadmin1_code`, `subadmin2_code`, `population`, `time_zone`, `active`, `created_at`, `updated_at`) VALUES ('VE','{\"en\":\"Juan Griego\"}',-63.97,11.08,'P','PPLA2','VE.17','VE.17.1707',28256,'America/Caracas',1,'2012-01-10 23:00:00','2012-01-10 23:00:00');
INSERT INTO `__PREFIX__cities` (`country_code`, `name`, `longitude`, `latitude`, `feature_class`, `feature_code`, `subadmin1_code`, `subadmin2_code`, `population`, `time_zone`, `active`, `created_at`, `updated_at`) VALUES ('VE','{\"en\":\"Higuerote\"}',-66.10,10.48,'P','PPLA2','VE.15','VE.15.1504',41364,'America/Caracas',1,'2021-10-28 23:00:00','2021-10-28 23:00:00');
INSERT INTO `__PREFIX__cities` (`country_code`, `name`, `longitude`, `latitude`, `feature_class`, `feature_code`, `subadmin1_code`, `subadmin2_code`, `population`, `time_zone`, `active`, `created_at`, `updated_at`) VALUES ('VE','{\"en\":\"Güiria\"}',-62.30,10.58,'P','PPLA2','VE.19','VE.19.1915',40000,'America/Caracas',1,'2018-08-07 23:00:00','2018-08-07 23:00:00');
INSERT INTO `__PREFIX__cities` (`country_code`, `name`, `longitude`, `latitude`, `feature_class`, `feature_code`, `subadmin1_code`, `subadmin2_code`, `population`, `time_zone`, `active`, `created_at`, `updated_at`) VALUES ('VE','{\"en\":\"Güigüe\"}',-67.78,10.08,'P','PPLA2','VE.07','VE.07.0802',80627,'America/Caracas',1,'2021-10-27 23:00:00','2021-10-27 23:00:00');
INSERT INTO `__PREFIX__cities` (`country_code`, `name`, `longitude`, `latitude`, `feature_class`, `feature_code`, `subadmin1_code`, `subadmin2_code`, `population`, `time_zone`, `active`, `created_at`, `updated_at`) VALUES ('VE','{\"en\":\"Guatire\"}',-66.54,10.47,'P','PPLA2','VE.15','VE.15.1521',227666,'America/Caracas',1,'2021-10-28 23:00:00','2021-10-28 23:00:00');
INSERT INTO `__PREFIX__cities` (`country_code`, `name`, `longitude`, `latitude`, `feature_class`, `feature_code`, `subadmin1_code`, `subadmin2_code`, `population`, `time_zone`, `active`, `created_at`, `updated_at`) VALUES ('VE','{\"en\":\"Guasipati\"}',-61.90,7.48,'P','PPLA2','VE.06','VE.06.0708',27988,'America/Caracas',1,'2021-10-27 23:00:00','2021-10-27 23:00:00');
INSERT INTO `__PREFIX__cities` (`country_code`, `name`, `longitude`, `latitude`, `feature_class`, `feature_code`, `subadmin1_code`, `subadmin2_code`, `population`, `time_zone`, `active`, `created_at`, `updated_at`) VALUES ('VE','{\"en\":\"Guarenas\"}',-66.62,10.47,'P','PPLA2','VE.15','VE.15.1517',248588,'America/Caracas',1,'2021-10-28 23:00:00','2021-10-28 23:00:00');
INSERT INTO `__PREFIX__cities` (`country_code`, `name`, `longitude`, `latitude`, `feature_class`, `feature_code`, `subadmin1_code`, `subadmin2_code`, `population`, `time_zone`, `active`, `created_at`, `updated_at`) VALUES ('VE','{\"en\":\"Guanarito\"}',-69.21,8.70,'P','PPLA2','VE.18','VE.18.1805',37219,'America/Caracas',1,'2021-10-27 23:00:00','2021-10-27 23:00:00');
INSERT INTO `__PREFIX__cities` (`country_code`, `name`, `longitude`, `latitude`, `feature_class`, `feature_code`, `subadmin1_code`, `subadmin2_code`, `population`, `time_zone`, `active`, `created_at`, `updated_at`) VALUES ('VE','{\"en\":\"Guanare\"}',-69.74,9.04,'P','PPLA','VE.18','VE.18.1804',194688,'America/Caracas',1,'2021-10-27 23:00:00','2021-10-27 23:00:00');
INSERT INTO `__PREFIX__cities` (`country_code`, `name`, `longitude`, `latitude`, `feature_class`, `feature_code`, `subadmin1_code`, `subadmin2_code`, `population`, `time_zone`, `active`, `created_at`, `updated_at`) VALUES ('VE','{\"en\":\"Guama\"}',-68.82,10.27,'P','PPLA2','VE.22','VE.22.2212',24570,'America/Caracas',1,'2021-10-27 23:00:00','2021-10-27 23:00:00');
INSERT INTO `__PREFIX__cities` (`country_code`, `name`, `longitude`, `latitude`, `feature_class`, `feature_code`, `subadmin1_code`, `subadmin2_code`, `population`, `time_zone`, `active`, `created_at`, `updated_at`) VALUES ('VE','{\"en\":\"Guacara\"}',-67.88,10.23,'P','PPLA2','VE.07','VE.07.0804',198883,'America/Caracas',1,'2021-10-27 23:00:00','2021-10-27 23:00:00');
INSERT INTO `__PREFIX__cities` (`country_code`, `name`, `longitude`, `latitude`, `feature_class`, `feature_code`, `subadmin1_code`, `subadmin2_code`, `population`, `time_zone`, `active`, `created_at`, `updated_at`) VALUES ('VE','{\"en\":\"Escuque\"}',-70.67,9.30,'P','PPLA2','VE.21',NULL,18128,'America/Caracas',1,'2021-10-26 23:00:00','2021-10-26 23:00:00');
INSERT INTO `__PREFIX__cities` (`country_code`, `name`, `longitude`, `latitude`, `feature_class`, `feature_code`, `subadmin1_code`, `subadmin2_code`, `population`, `time_zone`, `active`, `created_at`, `updated_at`) VALUES ('VE','{\"en\":\"Encontrados\"}',-72.23,9.06,'P','PPLA2','VE.23','VE.23.2304',26121,'America/Caracas',1,'2021-10-26 23:00:00','2021-10-26 23:00:00');
INSERT INTO `__PREFIX__cities` (`country_code`, `name`, `longitude`, `latitude`, `feature_class`, `feature_code`, `subadmin1_code`, `subadmin2_code`, `population`, `time_zone`, `active`, `created_at`, `updated_at`) VALUES ('VE','{\"en\":\"El Vigía\"}',-71.66,8.61,'P','PPLA2','VE.14','VE.14.1401',108668,'America/Caracas',1,'2021-10-25 23:00:00','2021-10-25 23:00:00');
INSERT INTO `__PREFIX__cities` (`country_code`, `name`, `longitude`, `latitude`, `feature_class`, `feature_code`, `subadmin1_code`, `subadmin2_code`, `population`, `time_zone`, `active`, `created_at`, `updated_at`) VALUES ('VE','{\"en\":\"El Tocuyo\"}',-69.79,9.79,'P','PPLA2','VE.13','VE.13.1305',74829,'America/Caracas',1,'2021-10-27 23:00:00','2021-10-27 23:00:00');
INSERT INTO `__PREFIX__cities` (`country_code`, `name`, `longitude`, `latitude`, `feature_class`, `feature_code`, `subadmin1_code`, `subadmin2_code`, `population`, `time_zone`, `active`, `created_at`, `updated_at`) VALUES ('VE','{\"en\":\"El Tigre\"}',-64.25,8.89,'P','PPLA2','VE.02',NULL,222450,'America/Caracas',1,'2021-10-27 23:00:00','2021-10-27 23:00:00');
INSERT INTO `__PREFIX__cities` (`country_code`, `name`, `longitude`, `latitude`, `feature_class`, `feature_code`, `subadmin1_code`, `subadmin2_code`, `population`, `time_zone`, `active`, `created_at`, `updated_at`) VALUES ('VE','{\"en\":\"El Sombrero\"}',-67.06,9.39,'P','PPLA2','VE.12','VE.12.1207',31788,'America/Caracas',1,'2021-10-27 23:00:00','2021-10-27 23:00:00');
INSERT INTO `__PREFIX__cities` (`country_code`, `name`, `longitude`, `latitude`, `feature_class`, `feature_code`, `subadmin1_code`, `subadmin2_code`, `population`, `time_zone`, `active`, `created_at`, `updated_at`) VALUES ('VE','{\"en\":\"El Pao\"}',-68.13,9.64,'P','PPLA2','VE.08','VE.08.0905',18520,'America/Caracas',1,'2021-10-27 23:00:00','2021-10-27 23:00:00');
INSERT INTO `__PREFIX__cities` (`country_code`, `name`, `longitude`, `latitude`, `feature_class`, `feature_code`, `subadmin1_code`, `subadmin2_code`, `population`, `time_zone`, `active`, `created_at`, `updated_at`) VALUES ('VE','{\"en\":\"Elorza\"}',-69.50,7.06,'P','PPLA2','VE.03','VE.03.0406',27795,'America/Caracas',1,'2021-10-27 23:00:00','2021-10-27 23:00:00');
INSERT INTO `__PREFIX__cities` (`country_code`, `name`, `longitude`, `latitude`, `feature_class`, `feature_code`, `subadmin1_code`, `subadmin2_code`, `population`, `time_zone`, `active`, `created_at`, `updated_at`) VALUES ('VE','{\"en\":\"Lecherías\"}',-64.69,10.19,'P','PPLA2','VE.02',NULL,47778,'America/Caracas',1,'2021-10-27 23:00:00','2021-10-27 23:00:00');
INSERT INTO `__PREFIX__cities` (`country_code`, `name`, `longitude`, `latitude`, `feature_class`, `feature_code`, `subadmin1_code`, `subadmin2_code`, `population`, `time_zone`, `active`, `created_at`, `updated_at`) VALUES ('VE','{\"en\":\"El Limón\"}',-67.63,10.31,'P','PPLA2','VE.04','VE.04.0508',148247,'America/Caracas',1,'2018-08-07 23:00:00','2018-08-07 23:00:00');
INSERT INTO `__PREFIX__cities` (`country_code`, `name`, `longitude`, `latitude`, `feature_class`, `feature_code`, `subadmin1_code`, `subadmin2_code`, `population`, `time_zone`, `active`, `created_at`, `updated_at`) VALUES ('VE','{\"en\":\"El Hatillo\"}',-66.83,10.42,'P','PPLA2','VE.15','VE.15.1509',57591,'America/Caracas',1,'2019-04-09 23:00:00','2019-04-09 23:00:00');
INSERT INTO `__PREFIX__cities` (`country_code`, `name`, `longitude`, `latitude`, `feature_class`, `feature_code`, `subadmin1_code`, `subadmin2_code`, `population`, `time_zone`, `active`, `created_at`, `updated_at`) VALUES ('VE','{\"en\":\"El Dorado\"}',-61.64,6.72,'P','PPL','VE.06','VE.06.0709',16100,'America/Caracas',1,'2021-10-28 23:00:00','2021-10-28 23:00:00');
INSERT INTO `__PREFIX__cities` (`country_code`, `name`, `longitude`, `latitude`, `feature_class`, `feature_code`, `subadmin1_code`, `subadmin2_code`, `population`, `time_zone`, `active`, `created_at`, `updated_at`) VALUES ('VE','{\"en\":\"El Baúl\"}',-68.30,8.96,'P','PPLA2','VE.08','VE.08.0903',10760,'America/Caracas',1,'2021-10-27 23:00:00','2021-10-27 23:00:00');
INSERT INTO `__PREFIX__cities` (`country_code`, `name`, `longitude`, `latitude`, `feature_class`, `feature_code`, `subadmin1_code`, `subadmin2_code`, `population`, `time_zone`, `active`, `created_at`, `updated_at`) VALUES ('VE','{\"en\":\"Ejido\"}',-71.24,8.55,'P','PPLA2','VE.14','VE.14.1406',120978,'America/Caracas',1,'2021-10-25 23:00:00','2021-10-25 23:00:00');
INSERT INTO `__PREFIX__cities` (`country_code`, `name`, `longitude`, `latitude`, `feature_class`, `feature_code`, `subadmin1_code`, `subadmin2_code`, `population`, `time_zone`, `active`, `created_at`, `updated_at`) VALUES ('VE','{\"en\":\"Duaca\"}',-69.16,10.29,'P','PPLA2','VE.13','VE.13.1302',39653,'America/Caracas',1,'2021-10-27 23:00:00','2021-10-27 23:00:00');
INSERT INTO `__PREFIX__cities` (`country_code`, `name`, `longitude`, `latitude`, `feature_class`, `feature_code`, `subadmin1_code`, `subadmin2_code`, `population`, `time_zone`, `active`, `created_at`, `updated_at`) VALUES ('VE','{\"en\":\"Dabajuro\"}',-70.68,11.02,'P','PPLA2','VE.11','VE.11.1107',28117,'America/Caracas',1,'2021-10-27 23:00:00','2021-10-27 23:00:00');
INSERT INTO `__PREFIX__cities` (`country_code`, `name`, `longitude`, `latitude`, `feature_class`, `feature_code`, `subadmin1_code`, `subadmin2_code`, `population`, `time_zone`, `active`, `created_at`, `updated_at`) VALUES ('VE','{\"en\":\"Cumanacoa\"}',-63.92,10.25,'P','PPLA2','VE.19','VE.19.1912',25858,'America/Caracas',1,'2021-10-27 23:00:00','2021-10-27 23:00:00');
INSERT INTO `__PREFIX__cities` (`country_code`, `name`, `longitude`, `latitude`, `feature_class`, `feature_code`, `subadmin1_code`, `subadmin2_code`, `population`, `time_zone`, `active`, `created_at`, `updated_at`) VALUES ('VE','{\"en\":\"Cumaná\"}',-64.18,10.45,'P','PPLA','VE.19','VE.19.1914',424822,'America/Caracas',1,'2021-11-06 23:00:00','2021-11-06 23:00:00');
INSERT INTO `__PREFIX__cities` (`country_code`, `name`, `longitude`, `latitude`, `feature_class`, `feature_code`, `subadmin1_code`, `subadmin2_code`, `population`, `time_zone`, `active`, `created_at`, `updated_at`) VALUES ('VE','{\"en\":\"Cúa\"}',-66.88,10.16,'P','PPLA2','VE.15','VE.15.1520',182558,'America/Caracas',1,'2018-08-07 23:00:00','2018-08-07 23:00:00');
INSERT INTO `__PREFIX__cities` (`country_code`, `name`, `longitude`, `latitude`, `feature_class`, `feature_code`, `subadmin1_code`, `subadmin2_code`, `population`, `time_zone`, `active`, `created_at`, `updated_at`) VALUES ('VE','{\"en\":\"Coro\"}',-69.67,11.40,'P','PPLA','VE.11',NULL,246657,'America/Caracas',1,'2021-10-27 23:00:00','2021-10-27 23:00:00');
INSERT INTO `__PREFIX__cities` (`country_code`, `name`, `longitude`, `latitude`, `feature_class`, `feature_code`, `subadmin1_code`, `subadmin2_code`, `population`, `time_zone`, `active`, `created_at`, `updated_at`) VALUES ('VE','{\"en\":\"Coloncito\"}',-72.09,8.33,'P','PPLA2','VE.20','VE.20.2019',25352,'America/Caracas',1,'2021-10-25 23:00:00','2021-10-25 23:00:00');
INSERT INTO `__PREFIX__cities` (`country_code`, `name`, `longitude`, `latitude`, `feature_class`, `feature_code`, `subadmin1_code`, `subadmin2_code`, `population`, `time_zone`, `active`, `created_at`, `updated_at`) VALUES ('VE','{\"en\":\"Cocorote\"}',-68.78,10.32,'P','PPLA2','VE.22','VE.22.2204',52803,'America/Caracas',1,'2021-10-27 23:00:00','2021-10-27 23:00:00');
INSERT INTO `__PREFIX__cities` (`country_code`, `name`, `longitude`, `latitude`, `feature_class`, `feature_code`, `subadmin1_code`, `subadmin2_code`, `population`, `time_zone`, `active`, `created_at`, `updated_at`) VALUES ('VE','{\"en\":\"Clarines\"}',-65.17,9.94,'P','PPLA2','VE.02','VE.02.0312',21582,'America/Caracas',1,'2021-10-28 23:00:00','2021-10-28 23:00:00');
INSERT INTO `__PREFIX__cities` (`country_code`, `name`, `longitude`, `latitude`, `feature_class`, `feature_code`, `subadmin1_code`, `subadmin2_code`, `population`, `time_zone`, `active`, `created_at`, `updated_at`) VALUES ('VE','{\"en\":\"Ciudad Piar\"}',-63.32,7.45,'P','PPLA2','VE.06',NULL,51967,'America/Caracas',1,'2021-10-28 23:00:00','2021-10-28 23:00:00');
INSERT INTO `__PREFIX__cities` (`country_code`, `name`, `longitude`, `latitude`, `feature_class`, `feature_code`, `subadmin1_code`, `subadmin2_code`, `population`, `time_zone`, `active`, `created_at`, `updated_at`) VALUES ('VE','{\"en\":\"Ciudad Ojeda\"}',-71.31,10.20,'P','PPLA2','VE.23','VE.23.2310',156957,'America/Caracas',1,'2021-10-26 23:00:00','2021-10-26 23:00:00');
INSERT INTO `__PREFIX__cities` (`country_code`, `name`, `longitude`, `latitude`, `feature_class`, `feature_code`, `subadmin1_code`, `subadmin2_code`, `population`, `time_zone`, `active`, `created_at`, `updated_at`) VALUES ('VE','{\"en\":\"Ciudad Guayana\"}',-62.64,8.35,'P','PPLA2','VE.06','VE.06.0701',950052,'America/Caracas',1,'2021-11-06 23:00:00','2021-11-06 23:00:00');
INSERT INTO `__PREFIX__cities` (`country_code`, `name`, `longitude`, `latitude`, `feature_class`, `feature_code`, `subadmin1_code`, `subadmin2_code`, `population`, `time_zone`, `active`, `created_at`, `updated_at`) VALUES ('VE','{\"en\":\"Ciudad Bolivia\"}',-70.57,8.35,'P','PPLA2','VE.05','VE.05.0609',52476,'America/Caracas',1,'2021-10-26 23:00:00','2021-10-26 23:00:00');
INSERT INTO `__PREFIX__cities` (`country_code`, `name`, `longitude`, `latitude`, `feature_class`, `feature_code`, `subadmin1_code`, `subadmin2_code`, `population`, `time_zone`, `active`, `created_at`, `updated_at`) VALUES ('VE','{\"en\":\"Ciudad Bolívar\"}',-63.54,8.13,'P','PPLA','VE.06',NULL,431481,'America/Caracas',1,'2021-11-06 23:00:00','2021-11-06 23:00:00');
INSERT INTO `__PREFIX__cities` (`country_code`, `name`, `longitude`, `latitude`, `feature_class`, `feature_code`, `subadmin1_code`, `subadmin2_code`, `population`, `time_zone`, `active`, `created_at`, `updated_at`) VALUES ('VE','{\"en\":\"Chivacoa\"}',-68.89,10.16,'P','PPLA2','VE.22','VE.22.2203',70298,'America/Caracas',1,'2021-10-27 23:00:00','2021-10-27 23:00:00');
INSERT INTO `__PREFIX__cities` (`country_code`, `name`, `longitude`, `latitude`, `feature_class`, `feature_code`, `subadmin1_code`, `subadmin2_code`, `population`, `time_zone`, `active`, `created_at`, `updated_at`) VALUES ('VE','{\"en\":\"Chiquinquirá\"}',-71.65,10.44,'P','PPL','VE.23',NULL,17271,'America/Caracas',1,'2021-10-26 23:00:00','2021-10-26 23:00:00');
INSERT INTO `__PREFIX__cities` (`country_code`, `name`, `longitude`, `latitude`, `feature_class`, `feature_code`, `subadmin1_code`, `subadmin2_code`, `population`, `time_zone`, `active`, `created_at`, `updated_at`) VALUES ('VE','{\"en\":\"Chichiriviche\"}',-68.27,10.93,'P','PPLA2','VE.11','VE.11.1115',12500,'America/Caracas',1,'2018-08-07 23:00:00','2018-08-07 23:00:00');
INSERT INTO `__PREFIX__cities` (`country_code`, `name`, `longitude`, `latitude`, `feature_class`, `feature_code`, `subadmin1_code`, `subadmin2_code`, `population`, `time_zone`, `active`, `created_at`, `updated_at`) VALUES ('VE','{\"en\":\"Charallave\"}',-66.86,10.24,'P','PPLA2','VE.15','VE.15.1508',129182,'America/Caracas',1,'2018-08-07 23:00:00','2018-08-07 23:00:00');
INSERT INTO `__PREFIX__cities` (`country_code`, `name`, `longitude`, `latitude`, `feature_class`, `feature_code`, `subadmin1_code`, `subadmin2_code`, `population`, `time_zone`, `active`, `created_at`, `updated_at`) VALUES ('VE','{\"en\":\"Chaguaramas\"}',-66.25,9.34,'P','PPLA2','VE.12','VE.12.1202',17728,'America/Caracas',1,'2021-10-27 23:00:00','2021-10-27 23:00:00');
INSERT INTO `__PREFIX__cities` (`country_code`, `name`, `longitude`, `latitude`, `feature_class`, `feature_code`, `subadmin1_code`, `subadmin2_code`, `population`, `time_zone`, `active`, `created_at`, `updated_at`) VALUES ('VE','{\"en\":\"Chacao\"}',-66.85,10.50,'P','PPLA2','VE.15','VE.15.1507',64609,'America/Caracas',1,'2019-04-09 23:00:00','2019-04-09 23:00:00');
INSERT INTO `__PREFIX__cities` (`country_code`, `name`, `longitude`, `latitude`, `feature_class`, `feature_code`, `subadmin1_code`, `subadmin2_code`, `population`, `time_zone`, `active`, `created_at`, `updated_at`) VALUES ('VE','{\"en\":\"Tacarigua\"}',-67.92,10.09,'P','PPL','VE.07',NULL,69636,'America/Caracas',1,'2021-10-27 23:00:00','2021-10-27 23:00:00');
INSERT INTO `__PREFIX__cities` (`country_code`, `name`, `longitude`, `latitude`, `feature_class`, `feature_code`, `subadmin1_code`, `subadmin2_code`, `population`, `time_zone`, `active`, `created_at`, `updated_at`) VALUES ('VE','{\"en\":\"Caucagüito\"}',-66.74,10.49,'P','PPL','VE.15',NULL,52556,'America/Caracas',1,'2020-06-09 23:00:00','2020-06-09 23:00:00');
INSERT INTO `__PREFIX__cities` (`country_code`, `name`, `longitude`, `latitude`, `feature_class`, `feature_code`, `subadmin1_code`, `subadmin2_code`, `population`, `time_zone`, `active`, `created_at`, `updated_at`) VALUES ('VE','{\"en\":\"Caucagua\"}',-66.38,10.28,'P','PPLA2','VE.15','VE.15.1501',31788,'America/Caracas',1,'2021-10-28 23:00:00','2021-10-28 23:00:00');
INSERT INTO `__PREFIX__cities` (`country_code`, `name`, `longitude`, `latitude`, `feature_class`, `feature_code`, `subadmin1_code`, `subadmin2_code`, `population`, `time_zone`, `active`, `created_at`, `updated_at`) VALUES ('VE','{\"en\":\"Catia La Mar\"}',-67.03,10.61,'P','PPLA3','VE.26',NULL,106822,'America/Caracas',1,'2018-08-07 23:00:00','2018-08-07 23:00:00');
INSERT INTO `__PREFIX__cities` (`country_code`, `name`, `longitude`, `latitude`, `feature_class`, `feature_code`, `subadmin1_code`, `subadmin2_code`, `population`, `time_zone`, `active`, `created_at`, `updated_at`) VALUES ('VE','{\"en\":\"Casigua El Cubo\"}',-72.52,8.75,'P','PPLA2','VE.23','VE.23.2308',24592,'America/Caracas',1,'2021-10-26 23:00:00','2021-10-26 23:00:00');
INSERT INTO `__PREFIX__cities` (`country_code`, `name`, `longitude`, `latitude`, `feature_class`, `feature_code`, `subadmin1_code`, `subadmin2_code`, `population`, `time_zone`, `active`, `created_at`, `updated_at`) VALUES ('VE','{\"en\":\"Casanay\"}',-63.42,10.50,'P','PPLA2','VE.19','VE.19.1901',20609,'America/Caracas',1,'2021-10-27 23:00:00','2021-10-27 23:00:00');
INSERT INTO `__PREFIX__cities` (`country_code`, `name`, `longitude`, `latitude`, `feature_class`, `feature_code`, `subadmin1_code`, `subadmin2_code`, `population`, `time_zone`, `active`, `created_at`, `updated_at`) VALUES ('VE','{\"en\":\"Carúpano\"}',-63.25,10.67,'P','PPLA2','VE.19','VE.19.1905',167187,'America/Caracas',1,'2021-10-27 23:00:00','2021-10-27 23:00:00');
INSERT INTO `__PREFIX__cities` (`country_code`, `name`, `longitude`, `latitude`, `feature_class`, `feature_code`, `subadmin1_code`, `subadmin2_code`, `population`, `time_zone`, `active`, `created_at`, `updated_at`) VALUES ('VE','{\"en\":\"Carrizal\"}',-66.99,10.35,'P','PPLA2','VE.15','VE.15.1506',40618,'America/Caracas',1,'2012-01-10 23:00:00','2012-01-10 23:00:00');
INSERT INTO `__PREFIX__cities` (`country_code`, `name`, `longitude`, `latitude`, `feature_class`, `feature_code`, `subadmin1_code`, `subadmin2_code`, `population`, `time_zone`, `active`, `created_at`, `updated_at`) VALUES ('VE','{\"en\":\"Carora\"}',-70.08,10.17,'P','PPLA2','VE.13','VE.13.1308',121741,'America/Caracas',1,'2021-10-27 23:00:00','2021-10-27 23:00:00');
INSERT INTO `__PREFIX__cities` (`country_code`, `name`, `longitude`, `latitude`, `feature_class`, `feature_code`, `subadmin1_code`, `subadmin2_code`, `population`, `time_zone`, `active`, `created_at`, `updated_at`) VALUES ('VE','{\"en\":\"Caripito\"}',-63.10,10.11,'P','PPLA2','VE.16','VE.16.1603',43448,'America/Caracas',1,'2021-10-27 23:00:00','2021-10-27 23:00:00');
INSERT INTO `__PREFIX__cities` (`country_code`, `name`, `longitude`, `latitude`, `feature_class`, `feature_code`, `subadmin1_code`, `subadmin2_code`, `population`, `time_zone`, `active`, `created_at`, `updated_at`) VALUES ('VE','{\"en\":\"Cariaco\"}',-63.55,10.50,'P','PPLA2','VE.19','VE.19.1913',41589,'America/Caracas',1,'2021-10-27 23:00:00','2021-10-27 23:00:00');
INSERT INTO `__PREFIX__cities` (`country_code`, `name`, `longitude`, `latitude`, `feature_class`, `feature_code`, `subadmin1_code`, `subadmin2_code`, `population`, `time_zone`, `active`, `created_at`, `updated_at`) VALUES ('VE','{\"en\":\"Caracas\"}',-66.88,10.49,'P','PPLC','VE.25','VE.25.0101',3000000,'America/Caracas',1,'2020-04-26 23:00:00','2020-04-26 23:00:00');
INSERT INTO `__PREFIX__cities` (`country_code`, `name`, `longitude`, `latitude`, `feature_class`, `feature_code`, `subadmin1_code`, `subadmin2_code`, `population`, `time_zone`, `active`, `created_at`, `updated_at`) VALUES ('VE','{\"en\":\"Caraballeda\"}',-66.85,10.61,'P','PPLA3','VE.26',NULL,37824,'America/Caracas',1,'2018-08-07 23:00:00','2018-08-07 23:00:00');
INSERT INTO `__PREFIX__cities` (`country_code`, `name`, `longitude`, `latitude`, `feature_class`, `feature_code`, `subadmin1_code`, `subadmin2_code`, `population`, `time_zone`, `active`, `created_at`, `updated_at`) VALUES ('VE','{\"en\":\"Cantaura\"}',-64.36,9.31,'P','PPLA2','VE.02','VE.02.0313',68885,'America/Caracas',1,'2021-10-27 23:00:00','2021-10-27 23:00:00');
INSERT INTO `__PREFIX__cities` (`country_code`, `name`, `longitude`, `latitude`, `feature_class`, `feature_code`, `subadmin1_code`, `subadmin2_code`, `population`, `time_zone`, `active`, `created_at`, `updated_at`) VALUES ('VE','{\"en\":\"Camaguán\"}',-67.61,8.11,'P','PPLA2','VE.12','VE.12.1201',20791,'America/Caracas',1,'2021-10-27 23:00:00','2021-10-27 23:00:00');
INSERT INTO `__PREFIX__cities` (`country_code`, `name`, `longitude`, `latitude`, `feature_class`, `feature_code`, `subadmin1_code`, `subadmin2_code`, `population`, `time_zone`, `active`, `created_at`, `updated_at`) VALUES ('VE','{\"en\":\"Calabozo\"}',-67.43,8.92,'P','PPLA2','VE.12','VE.12.1208',168605,'America/Caracas',1,'2021-10-27 23:00:00','2021-10-27 23:00:00');
INSERT INTO `__PREFIX__cities` (`country_code`, `name`, `longitude`, `latitude`, `feature_class`, `feature_code`, `subadmin1_code`, `subadmin2_code`, `population`, `time_zone`, `active`, `created_at`, `updated_at`) VALUES ('VE','{\"en\":\"Caja Seca\"}',-71.07,9.14,'P','PPL','VE.23','VE.23.2320',34165,'America/Caracas',1,'2021-10-26 23:00:00','2021-10-26 23:00:00');
INSERT INTO `__PREFIX__cities` (`country_code`, `name`, `longitude`, `latitude`, `feature_class`, `feature_code`, `subadmin1_code`, `subadmin2_code`, `population`, `time_zone`, `active`, `created_at`, `updated_at`) VALUES ('VE','{\"en\":\"Caicara\"}',-63.61,9.82,'P','PPLA2','VE.16','VE.16.1605',23625,'America/Caracas',1,'2021-10-27 23:00:00','2021-10-27 23:00:00');
INSERT INTO `__PREFIX__cities` (`country_code`, `name`, `longitude`, `latitude`, `feature_class`, `feature_code`, `subadmin1_code`, `subadmin2_code`, `population`, `time_zone`, `active`, `created_at`, `updated_at`) VALUES ('VE','{\"en\":\"Caicara del Orinoco\"}',-66.17,7.64,'P','PPLA2','VE.06',NULL,67277,'America/Caracas',1,'2021-10-28 23:00:00','2021-10-28 23:00:00');
INSERT INTO `__PREFIX__cities` (`country_code`, `name`, `longitude`, `latitude`, `feature_class`, `feature_code`, `subadmin1_code`, `subadmin2_code`, `population`, `time_zone`, `active`, `created_at`, `updated_at`) VALUES ('VE','{\"en\":\"Cagua\"}',-67.46,10.19,'P','PPLA2','VE.04','VE.04.0513',119033,'America/Caracas',1,'2012-01-02 23:00:00','2012-01-02 23:00:00');
INSERT INTO `__PREFIX__cities` (`country_code`, `name`, `longitude`, `latitude`, `feature_class`, `feature_code`, `subadmin1_code`, `subadmin2_code`, `population`, `time_zone`, `active`, `created_at`, `updated_at`) VALUES ('VE','{\"en\":\"Cabudare\"}',-69.26,10.03,'P','PPLA2','VE.13','VE.13.1306',102686,'America/Caracas',1,'2021-10-27 23:00:00','2021-10-27 23:00:00');
INSERT INTO `__PREFIX__cities` (`country_code`, `name`, `longitude`, `latitude`, `feature_class`, `feature_code`, `subadmin1_code`, `subadmin2_code`, `population`, `time_zone`, `active`, `created_at`, `updated_at`) VALUES ('VE','{\"en\":\"Cabimas\"}',-71.45,10.40,'P','PPLA2','VE.23',NULL,291147,'America/Caracas',1,'2021-10-26 23:00:00','2021-10-26 23:00:00');
INSERT INTO `__PREFIX__cities` (`country_code`, `name`, `longitude`, `latitude`, `feature_class`, `feature_code`, `subadmin1_code`, `subadmin2_code`, `population`, `time_zone`, `active`, `created_at`, `updated_at`) VALUES ('VE','{\"en\":\"Boraure\"}',-68.77,10.25,'P','PPLA2','VE.22','VE.22.2207',21588,'America/Caracas',1,'2021-10-27 23:00:00','2021-10-27 23:00:00');
INSERT INTO `__PREFIX__cities` (`country_code`, `name`, `longitude`, `latitude`, `feature_class`, `feature_code`, `subadmin1_code`, `subadmin2_code`, `population`, `time_zone`, `active`, `created_at`, `updated_at`) VALUES ('VE','{\"en\":\"Boconoito\"}',-69.98,8.85,'P','PPLA2','VE.18','VE.18.1810',18086,'America/Caracas',1,'2021-10-27 23:00:00','2021-10-27 23:00:00');
INSERT INTO `__PREFIX__cities` (`country_code`, `name`, `longitude`, `latitude`, `feature_class`, `feature_code`, `subadmin1_code`, `subadmin2_code`, `population`, `time_zone`, `active`, `created_at`, `updated_at`) VALUES ('VE','{\"en\":\"Boconó\"}',-70.25,9.25,'P','PPLA2','VE.21','VE.21.2102',68990,'America/Caracas',1,'2021-10-26 23:00:00','2021-10-26 23:00:00');
INSERT INTO `__PREFIX__cities` (`country_code`, `name`, `longitude`, `latitude`, `feature_class`, `feature_code`, `subadmin1_code`, `subadmin2_code`, `population`, `time_zone`, `active`, `created_at`, `updated_at`) VALUES ('VE','{\"en\":\"Boca de Uchire\"}',-65.42,10.13,'P','PPLA2','VE.02','VE.02.0316',10904,'America/Caracas',1,'2021-10-27 23:00:00','2021-10-27 23:00:00');
INSERT INTO `__PREFIX__cities` (`country_code`, `name`, `longitude`, `latitude`, `feature_class`, `feature_code`, `subadmin1_code`, `subadmin2_code`, `population`, `time_zone`, `active`, `created_at`, `updated_at`) VALUES ('VE','{\"en\":\"Boca de Aroa\"}',-68.30,10.68,'P','PPL','VE.11',NULL,10033,'America/Caracas',1,'2021-10-27 23:00:00','2021-10-27 23:00:00');
INSERT INTO `__PREFIX__cities` (`country_code`, `name`, `longitude`, `latitude`, `feature_class`, `feature_code`, `subadmin1_code`, `subadmin2_code`, `population`, `time_zone`, `active`, `created_at`, `updated_at`) VALUES ('VE','{\"en\":\"Biruaca\"}',-67.52,7.84,'P','PPLA2','VE.03','VE.03.0402',76553,'America/Caracas',1,'2021-10-27 23:00:00','2021-10-27 23:00:00');
INSERT INTO `__PREFIX__cities` (`country_code`, `name`, `longitude`, `latitude`, `feature_class`, `feature_code`, `subadmin1_code`, `subadmin2_code`, `population`, `time_zone`, `active`, `created_at`, `updated_at`) VALUES ('VE','{\"en\":\"Bejuma\"}',-68.26,10.17,'P','PPLA2','VE.07','VE.07.0801',34618,'America/Caracas',1,'2021-10-27 23:00:00','2021-10-27 23:00:00');
INSERT INTO `__PREFIX__cities` (`country_code`, `name`, `longitude`, `latitude`, `feature_class`, `feature_code`, `subadmin1_code`, `subadmin2_code`, `population`, `time_zone`, `active`, `created_at`, `updated_at`) VALUES ('VE','{\"en\":\"Baruta\"}',-66.88,10.43,'P','PPLA2','VE.15','VE.15.1503',244216,'America/Caracas',1,'2019-04-09 23:00:00','2019-04-09 23:00:00');
INSERT INTO `__PREFIX__cities` (`country_code`, `name`, `longitude`, `latitude`, `feature_class`, `feature_code`, `subadmin1_code`, `subadmin2_code`, `population`, `time_zone`, `active`, `created_at`, `updated_at`) VALUES ('VE','{\"en\":\"Barrancas\"}',-70.11,8.77,'P','PPLA2','VE.05','VE.05.0606',24354,'America/Caracas',1,'2021-10-26 23:00:00','2021-10-26 23:00:00');
INSERT INTO `__PREFIX__cities` (`country_code`, `name`, `longitude`, `latitude`, `feature_class`, `feature_code`, `subadmin1_code`, `subadmin2_code`, `population`, `time_zone`, `active`, `created_at`, `updated_at`) VALUES ('VE','{\"en\":\"Barrancas\"}',-62.20,8.70,'P','PPLA2','VE.16',NULL,19474,'America/Caracas',1,'2021-10-27 23:00:00','2021-10-27 23:00:00');
INSERT INTO `__PREFIX__cities` (`country_code`, `name`, `longitude`, `latitude`, `feature_class`, `feature_code`, `subadmin1_code`, `subadmin2_code`, `population`, `time_zone`, `active`, `created_at`, `updated_at`) VALUES ('VE','{\"en\":\"Barquisimeto\"}',-69.36,10.06,'P','PPLA','VE.13','VE.13.1303',1114097,'America/Caracas',1,'2021-10-27 23:00:00','2021-10-27 23:00:00');
INSERT INTO `__PREFIX__cities` (`country_code`, `name`, `longitude`, `latitude`, `feature_class`, `feature_code`, `subadmin1_code`, `subadmin2_code`, `population`, `time_zone`, `active`, `created_at`, `updated_at`) VALUES ('VE','{\"en\":\"Barinitas\"}',-70.41,8.76,'P','PPLA2','VE.05','VE.05.0605',51556,'America/Caracas',1,'2021-10-26 23:00:00','2021-10-26 23:00:00');
INSERT INTO `__PREFIX__cities` (`country_code`, `name`, `longitude`, `latitude`, `feature_class`, `feature_code`, `subadmin1_code`, `subadmin2_code`, `population`, `time_zone`, `active`, `created_at`, `updated_at`) VALUES ('VE','{\"en\":\"Barinas\"}',-70.21,8.62,'P','PPLA','VE.05','VE.05.0604',353442,'America/Caracas',1,'2013-08-05 23:00:00','2013-08-05 23:00:00');
INSERT INTO `__PREFIX__cities` (`country_code`, `name`, `longitude`, `latitude`, `feature_class`, `feature_code`, `subadmin1_code`, `subadmin2_code`, `population`, `time_zone`, `active`, `created_at`, `updated_at`) VALUES ('VE','{\"en\":\"Barcelona\"}',-64.69,10.14,'P','PPLA','VE.02',NULL,506016,'America/Caracas',1,'2021-11-06 23:00:00','2021-11-06 23:00:00');
INSERT INTO `__PREFIX__cities` (`country_code`, `name`, `longitude`, `latitude`, `feature_class`, `feature_code`, `subadmin1_code`, `subadmin2_code`, `population`, `time_zone`, `active`, `created_at`, `updated_at`) VALUES ('VE','{\"en\":\"Bailadores\"}',-71.83,8.25,'P','PPLA2','VE.14','VE.14.1418',20113,'America/Caracas',1,'2021-10-25 23:00:00','2021-10-25 23:00:00');
INSERT INTO `__PREFIX__cities` (`country_code`, `name`, `longitude`, `latitude`, `feature_class`, `feature_code`, `subadmin1_code`, `subadmin2_code`, `population`, `time_zone`, `active`, `created_at`, `updated_at`) VALUES ('VE','{\"en\":\"Aroa\"}',-68.89,10.44,'P','PPLA2','VE.22','VE.22.2202',35508,'America/Caracas',1,'2021-10-27 23:00:00','2021-10-27 23:00:00');
INSERT INTO `__PREFIX__cities` (`country_code`, `name`, `longitude`, `latitude`, `feature_class`, `feature_code`, `subadmin1_code`, `subadmin2_code`, `population`, `time_zone`, `active`, `created_at`, `updated_at`) VALUES ('VE','{\"en\":\"Aricagua\"}',-63.90,10.24,'P','PPL','VE.19',NULL,9272,'America/Caracas',1,'2021-10-28 23:00:00','2021-10-28 23:00:00');
INSERT INTO `__PREFIX__cities` (`country_code`, `name`, `longitude`, `latitude`, `feature_class`, `feature_code`, `subadmin1_code`, `subadmin2_code`, `population`, `time_zone`, `active`, `created_at`, `updated_at`) VALUES ('VE','{\"en\":\"Arenas\"}',-63.94,10.28,'P','PPL','VE.19',NULL,6312,'America/Caracas',1,'2021-10-28 23:00:00','2021-10-28 23:00:00');
INSERT INTO `__PREFIX__cities` (`country_code`, `name`, `longitude`, `latitude`, `feature_class`, `feature_code`, `subadmin1_code`, `subadmin2_code`, `population`, `time_zone`, `active`, `created_at`, `updated_at`) VALUES ('VE','{\"en\":\"Araya\"}',-64.26,10.58,'P','PPLA2','VE.19','VE.19.1908',23693,'America/Caracas',1,'2021-10-27 23:00:00','2021-10-27 23:00:00');
INSERT INTO `__PREFIX__cities` (`country_code`, `name`, `longitude`, `latitude`, `feature_class`, `feature_code`, `subadmin1_code`, `subadmin2_code`, `population`, `time_zone`, `active`, `created_at`, `updated_at`) VALUES ('VE','{\"en\":\"Araure\"}',-69.24,9.58,'P','PPLA2','VE.18','VE.18.1802',181820,'America/Caracas',1,'2021-10-27 23:00:00','2021-10-27 23:00:00');
INSERT INTO `__PREFIX__cities` (`country_code`, `name`, `longitude`, `latitude`, `feature_class`, `feature_code`, `subadmin1_code`, `subadmin2_code`, `population`, `time_zone`, `active`, `created_at`, `updated_at`) VALUES ('VE','{\"en\":\"Aragua de Barcelona\"}',-64.83,9.46,'P','PPLA2','VE.02','VE.02.0302',34048,'America/Caracas',1,'2021-10-27 23:00:00','2021-10-27 23:00:00');
INSERT INTO `__PREFIX__cities` (`country_code`, `name`, `longitude`, `latitude`, `feature_class`, `feature_code`, `subadmin1_code`, `subadmin2_code`, `population`, `time_zone`, `active`, `created_at`, `updated_at`) VALUES ('VE','{\"en\":\"Altagracia de Orituco\"}',-66.38,9.86,'P','PPLA2','VE.12','VE.12.1209',68207,'America/Caracas',1,'2021-10-27 23:00:00','2021-10-27 23:00:00');
INSERT INTO `__PREFIX__cities` (`country_code`, `name`, `longitude`, `latitude`, `feature_class`, `feature_code`, `subadmin1_code`, `subadmin2_code`, `population`, `time_zone`, `active`, `created_at`, `updated_at`) VALUES ('VE','{\"en\":\"Los Puertos de Altagracia\"}',-71.52,10.71,'P','PPLA2','VE.23',NULL,66839,'America/Caracas',1,'2021-10-26 23:00:00','2021-10-26 23:00:00');
INSERT INTO `__PREFIX__cities` (`country_code`, `name`, `longitude`, `latitude`, `feature_class`, `feature_code`, `subadmin1_code`, `subadmin2_code`, `population`, `time_zone`, `active`, `created_at`, `updated_at`) VALUES ('VE','{\"en\":\"Achaguas\"}',-68.22,7.78,'P','PPLA2','VE.03',NULL,45311,'America/Caracas',1,'2021-10-27 23:00:00','2021-10-27 23:00:00');
INSERT INTO `__PREFIX__cities` (`country_code`, `name`, `longitude`, `latitude`, `feature_class`, `feature_code`, `subadmin1_code`, `subadmin2_code`, `population`, `time_zone`, `active`, `created_at`, `updated_at`) VALUES ('VE','{\"en\":\"Acarigua\"}',-69.20,9.55,'P','PPLA2','VE.18','VE.18.1808',188278,'America/Caracas',1,'2021-10-27 23:00:00','2021-10-27 23:00:00');
INSERT INTO `__PREFIX__cities` (`country_code`, `name`, `longitude`, `latitude`, `feature_class`, `feature_code`, `subadmin1_code`, `subadmin2_code`, `population`, `time_zone`, `active`, `created_at`, `updated_at`) VALUES ('VE','{\"en\":\"San Josecito\"}',-72.22,7.66,'P','PPLA2','VE.20','VE.20.2027',54669,'America/Caracas',1,'2021-10-26 23:00:00','2021-10-26 23:00:00');
INSERT INTO `__PREFIX__cities` (`country_code`, `name`, `longitude`, `latitude`, `feature_class`, `feature_code`, `subadmin1_code`, `subadmin2_code`, `population`, `time_zone`, `active`, `created_at`, `updated_at`) VALUES ('VE','{\"en\":\"Maturín\"}',-63.18,9.75,'P','PPLA','VE.16','VE.16.1608',529376,'America/Caracas',1,'2021-11-06 23:00:00','2021-11-06 23:00:00');
INSERT INTO `__PREFIX__cities` (`country_code`, `name`, `longitude`, `latitude`, `feature_class`, `feature_code`, `subadmin1_code`, `subadmin2_code`, `population`, `time_zone`, `active`, `created_at`, `updated_at`) VALUES ('VE','{\"en\":\"La Fría\"}',-72.25,8.22,'P','PPLA2','VE.20','VE.20.2009',43331,'America/Caracas',1,'2021-10-25 23:00:00','2021-10-25 23:00:00');
INSERT INTO `__PREFIX__cities` (`country_code`, `name`, `longitude`, `latitude`, `feature_class`, `feature_code`, `subadmin1_code`, `subadmin2_code`, `population`, `time_zone`, `active`, `created_at`, `updated_at`) VALUES ('VE','{\"en\":\"La Grita\"}',-71.98,8.13,'P','PPLA2','VE.20','VE.20.2012',37545,'America/Caracas',1,'2021-10-25 23:00:00','2021-10-25 23:00:00');
INSERT INTO `__PREFIX__cities` (`country_code`, `name`, `longitude`, `latitude`, `feature_class`, `feature_code`, `subadmin1_code`, `subadmin2_code`, `population`, `time_zone`, `active`, `created_at`, `updated_at`) VALUES ('VE','{\"en\":\"Capacho Nuevo\"}',-72.31,7.82,'P','PPLA2','VE.20','VE.20.2011',40169,'America/Caracas',1,'2021-10-26 23:00:00','2021-10-26 23:00:00');
INSERT INTO `__PREFIX__cities` (`country_code`, `name`, `longitude`, `latitude`, `feature_class`, `feature_code`, `subadmin1_code`, `subadmin2_code`, `population`, `time_zone`, `active`, `created_at`, `updated_at`) VALUES ('VE','{\"en\":\"El Cafetal\"}',-66.83,10.47,'P','PPLX','VE.15',NULL,80029,'America/Caracas',1,'2019-04-10 23:00:00','2019-04-10 23:00:00');
INSERT INTO `__PREFIX__cities` (`country_code`, `name`, `longitude`, `latitude`, `feature_class`, `feature_code`, `subadmin1_code`, `subadmin2_code`, `population`, `time_zone`, `active`, `created_at`, `updated_at`) VALUES ('VE','{\"en\":\"La Dolorita\"}',-66.79,10.49,'P','PPLX','VE.15',NULL,56846,'America/Caracas',1,'2011-10-12 23:00:00','2011-10-12 23:00:00');
INSERT INTO `__PREFIX__cities` (`country_code`, `name`, `longitude`, `latitude`, `feature_class`, `feature_code`, `subadmin1_code`, `subadmin2_code`, `population`, `time_zone`, `active`, `created_at`, `updated_at`) VALUES ('VE','{\"en\":\"Guasdualito\"}',-70.73,7.24,'P','PPLA2','VE.03',NULL,64608,'America/Caracas',1,'2021-11-06 23:00:00','2021-11-06 23:00:00');
INSERT INTO `__PREFIX__cities` (`country_code`, `name`, `longitude`, `latitude`, `feature_class`, `feature_code`, `subadmin1_code`, `subadmin2_code`, `population`, `time_zone`, `active`, `created_at`, `updated_at`) VALUES ('VE','{\"en\":\"San Fernando de Apure\"}',-67.47,7.89,'P','PPLA','VE.03',NULL,229197,'America/Caracas',1,'2021-11-06 23:00:00','2021-11-06 23:00:00');
INSERT INTO `__PREFIX__cities` (`country_code`, `name`, `longitude`, `latitude`, `feature_class`, `feature_code`, `subadmin1_code`, `subadmin2_code`, `population`, `time_zone`, `active`, `created_at`, `updated_at`) VALUES ('VE','{\"en\":\"Santa Cruz de los Taques\"}',-70.26,11.82,'P','PPLA2','VE.11','VE.11.1112',25047,'America/Caracas',1,'2021-10-27 23:00:00','2021-10-27 23:00:00');
/*!40000 ALTER TABLE `__PREFIX__cities` ENABLE KEYS */;
/*!40103 SET TIME_ZONE=@OLD_TIME_ZONE */;

/*!40101 SET SQL_MODE=@OLD_SQL_MODE */;
/*!40014 SET FOREIGN_KEY_CHECKS=@OLD_FOREIGN_KEY_CHECKS */;
/*!40014 SET UNIQUE_CHECKS=@OLD_UNIQUE_CHECKS */;
/*!40101 SET CHARACTER_SET_CLIENT=@OLD_CHARACTER_SET_CLIENT */;
/*!40101 SET CHARACTER_SET_RESULTS=@OLD_CHARACTER_SET_RESULTS */;
/*!40101 SET COLLATION_CONNECTION=@OLD_COLLATION_CONNECTION */;
/*!40111 SET SQL_NOTES=@OLD_SQL_NOTES */;

-- Dump completed
